Municipio,Quantidade_existente
110001 Alta Floresta D'Oeste,49
110037 Alto Alegre dos Parecis,16
110040 Alto Para�so,16
110034 Alvorada D'Oeste,35
110002 Ariquemes,260
110045 Buritis,66
110003 Cabixi,9
110060 Cacaul�ndia,26
110004 Cacoal,360
110070 Campo Novo de Rond�nia,19
110080 Candeias do Jamari,15
110090 Castanheiras,7
110005 Cerejeiras,40
110092 Chupinguaia,10
110006 Colorado do Oeste,50
110007 Corumbiara,16
110008 Costa Marques,45
110094 Cujubim,11
110009 Espig�o D'Oeste,54
110100 Governador Jorge Teixeira,22
110010 Guajar�-Mirim,97
110110 Itapu� do Oeste,20
110011 Jaru,121
110012 Ji-Paran�,257
110013 Machadinho D'Oeste,48
110120 Ministro Andreazza,16
110130 Mirante da Serra,33
110140 Monte Negro,40
110014 Nova Brasil�ndia D'Oeste,44
110033 Nova Mamor�,31
110143 Nova Uni�o,15
110050 Novo Horizonte do Oeste,18
110015 Ouro Preto do Oeste,123
110145 Parecis,8
110018 Pimenta Bueno,58
110146 Pimenteiras do Oeste,9
110020 Porto Velho,1700
110025 Presidente M�dici,45
110026 Rio Crespo,9
110028 Rolim de Moura,94
110029 Santa Luzia D'Oeste,25
110148 S�o Felipe D'Oeste,7
110149 S�o Francisco do Guapor�,29
110032 S�o Miguel do Guapor�,44
110150 Seringueiras,36
110155 Teixeir�polis,9
110160 Theobroma,13
110170 Urup�,25
110175 Vale do Anari,12
110180 Vale do Para�so,16
110030 Vilhena,226
120001 Acrel�ndia,16
120005 Assis Brasil,12
120010 Brasil�ia,41
120020 Cruzeiro do Sul,183
120030 Feij�,41
120032 Jord�o,10
120033 M�ncio Lima,25
120034 Manoel Urbano,26
120035 Marechal Thaumaturgo,13
120038 Pl�cido de Castro,52
120039 Porto Walter,14
120040 Rio Branco,933
120042 Rodrigues Alves,16
120043 Santa Rosa do Purus,16
120050 Sena Madureira,60
120045 Senador Guiomard,29
120060 Tarauac�,42
120070 Xapuri,30
130002 Alvar�es,22
130006 Amatur�,30
130008 Anam�,20
130010 Anori,23
130014 Apu�,42
130020 Atalaia do Norte,30
130030 Autazes,31
130040 Barcelos,60
130050 Barreirinha,31
130060 Benjamin Constant,37
130063 Beruri,13
130068 Boa Vista do Ramos,22
130070 Boca do Acre,61
130080 Borba,38
130083 Caapiranga,18
130090 Canutama,16
130100 Carauari,52
130110 Careiro,20
130120 Coari,105
130130 Codaj�s,47
130140 Eirunep�,80
130150 Envira,24
130160 Fonte Boa,58
130165 Guajar�,20
130170 Humait�,30
130180 Ipixuna,26
130185 Iranduba,32
130190 Itacoatiara,108
130195 Itamarati,15
130200 Itapiranga,18
130210 Japur�,20
130220 Juru�,20
130230 Juta�,18
130240 L�brea,56
130250 Manacapuru,72
130255 Manaquiri,20
130260 Manaus,3674
130270 Manicor�,60
130280 Mara�,19
130290 Mau�s,90
130300 Nhamund�,19
130310 Nova Olinda do Norte,31
130320 Novo Air�o,22
130330 Novo Aripuan�,31
130340 Parintins,135
130350 Pauini,26
130353 Presidente Figueiredo,29
130356 Rio Preto da Eva,29
130360 Santa Isabel do Rio Negro,20
130370 Santo Ant�nio do I��,53
130380 S�o Gabriel da Cachoeira,89
130390 S�o Paulo de Oliven�a,22
130395 S�o Sebasti�o do Uatum�,20
130400 Silves,20
130406 Tabatinga,51
130410 Tapau�,35
130420 Tef�,148
130423 Tonantins,33
130426 Uarini,22
130430 Urucar�,39
130440 Urucurituba,22
140005 Alto Alegre,26
140010 Boa Vista,1321
140015 Bonfim,14
140020 Caracara�,24
140023 Caroebe,16
140028 Iracema,1
140030 Mucaja�,22
140040 Normandia,20
140045 Pacaraima,13
140047 Rorain�polis,30
140050 S�o Jo�o da Baliza,15
140060 S�o Luiz,13
150010 Abaetetuba,319
150013 Abel Figueiredo,21
150020 Acar�,33
150030 Afu�,30
150034 �gua Azul do Norte,40
150040 Alenquer,97
150050 Almeirim,94
150060 Altamira,269
150070 Anaj�s,20
150080 Ananindeua,857
150085 Anapu,44
150090 Augusto Corr�a,86
150095 Aurora do Par�,58
150110 Bagre,15
150120 Bai�o,30
150125 Bannach,10
150130 Barcarena,169
150140 Bel�m,3844
150145 Belterra,20
150157 Bom Jesus do Tocantins,31
150170 Bragan�a,369
150172 Brasil Novo,33
150175 Brejo Grande do Araguaia,24
150178 Breu Branco,44
150180 Breves,182
150190 Bujaru,43
150200 Cachoeira do Arari,20
150210 Camet�,183
150215 Cana� dos Caraj�s,123
150220 Capanema,278
150230 Capit�o Po�o,164
150240 Castanhal,420
150250 Chaves,16
150260 Colares,8
150270 Concei��o do Araguaia,119
150275 Conc�rdia do Par�,25
150276 Cumaru do Norte,11
150277 Curion�polis,50
150280 Curralinho,26
150290 Curu��,27
150293 Dom Eliseu,81
150295 Eldorado do Caraj�s,41
150300 Faro,10
150304 Floresta do Araguaia,20
150307 Garraf�o do Norte,20
150309 Goian�sia do Par�,24
150310 Gurup�,23
150320 Igarap�-A�u,45
150330 Igarap�-Miri,133
150340 Inhangapi,19
150345 Ipixuna do Par�,76
150350 Irituia,30
150360 Itaituba,413
150370 Itupiranga,53
150375 Jacareacanga,24
150380 Jacund�,173
150390 Juruti,82
150400 Limoeiro do Ajuru,20
150405 M�e do Rio,52
150420 Marab�,392
150430 Maracan�,27
150440 Marapanim,18
150442 Marituba,164
150445 Medicil�ndia,41
150450 Melga�o,15
150460 Mocajuba,27
150470 Moju,50
150480 Monte Alegre,73
150490 Muan�,42
150495 Nova Esperan�a do Piri�,32
150497 Nova Ipixuna,13
150503 Novo Progresso,42
150506 Novo Repartimento,54
150510 �bidos,65
150520 Oeiras do Par�,15
150530 Oriximin�,89
150540 Our�m,24
150543 Ouril�ndia do Norte,67
150548 Pacaj�,37
150549 Palestina do Par�,20
150550 Paragominas,176
150553 Parauapebas,345
150555 Pau D'Arco,22
150563 Pi�arra,20
150565 Placas,29
150570 Ponta de Pedras,20
150580 Portel,29
150590 Porto de Moz,49
150600 Prainha,31
150613 Reden��o,278
150616 Rio Maria,56
150618 Rondon do Par�,101
150619 Rur�polis,27
150620 Salin�polis,72
150630 Salvaterra,19
150640 Santa Cruz do Arari,15
150650 Santa Izabel do Par�,60
150655 Santa Luzia do Par�,16
150658 Santa Maria das Barreiras,23
150660 Santa Maria do Par�,37
150670 Santana do Araguaia,63
150680 Santar�m,544
150700 Santo Ant�nio do Tau�,76
150710 S�o Caetano de Odivelas,20
150715 S�o Domingos do Araguaia,21
150720 S�o Domingos do Capim,31
150730 S�o F�lix do Xingu,145
150745 S�o Geraldo do Araguaia,41
150747 S�o Jo�o de Pirabas,24
150750 S�o Jo�o do Araguaia,19
150760 S�o Miguel do Guam�,54
150770 S�o Sebasti�o da Boa Vista,32
150775 Sapucaia,14
150780 Senador Jos� Porf�rio,15
150790 Soure,48
150795 Tail�ndia,50
150797 Terra Santa,25
150800 Tom�-A�u,171
150803 Tracuateua,15
150805 Trair�o,21
150808 Tucum�,99
150810 Tucuru�,286
150812 Ulian�polis,115
150815 Uruar�,81
150820 Vigia,30
150830 Viseu,65
150835 Vit�ria do Xingu,47
150840 Xinguara,139
160010 Amap�,37
160020 Cal�oene,20
160023 Ferreira Gomes,12
160027 Laranjal do Jari,70
160030 Macap�,878
160040 Mazag�o,14
160050 Oiapoque,41
160015 Pedra Branca do Amapari,15
160053 Porto Grande,34
160060 Santana,139
160005 Serra do Navio,30
160070 Tartarugalzinho,18
160080 Vit�ria do Jari,8
170070 Alvorada,23
170100 Anan�s,14
170190 Araguacema,17
170200 Aragua�u,27
170210 Aragua�na,606
170220 Araguatins,25
170230 Arapoema,28
170240 Arraias,33
170255 Augustin�polis,93
170370 Brejinho de Nazar�,5
170550 Colinas do Tocantins,69
171670 Colm�ia,21
170610 Cristal�ndia,7
170700 Dian�polis,39
170710 Divin�polis do Tocantins,15
170720 Dois Irm�os do Tocantins,9
170730 Duer�,14
170765 Figueir�polis,5
170820 Formoso do Araguaia,40
170900 Goiatins,10
170930 Guara�,57
170950 Gurupi,168
171050 Itacaj�,27
171190 Lagoa da Confus�o,30
171320 Miracema do Tocantins,69
171330 Miranorte,20
171360 Monte do Carmo,5
171420 Natividade,9
172100 Palmas,960
171575 Palmeir�polis,24
171610 Para�so do Tocantins,131
171620 Paran�,24
171650 Pedro Afonso,31
171660 Peixe,46
171700 Pindorama do Tocantins,6
171750 Pium,5
171790 Ponte Alta do Tocantins,7
171820 Porto Nacional,173
172065 Silvan�polis,19
172090 Taguatinga,47
172120 Tocantin�polis,40
172210 Xambio�,28
210005 A�ail�ndia,296
210010 Afonso Cunha,20
210020 Alc�ntara,24
210030 Aldeias Altas,25
210043 Alto Alegre do Maranh�o,48
210047 Alto Alegre do Pindar�,28
210050 Alto Parna�ba,22
210055 Amap� do Maranh�o,11
210060 Amarante do Maranh�o,85
210070 Anajatuba,27
210080 Anapurus,16
210083 Apicum-A�u,15
210087 Araguan�,17
210090 Araioses,117
210095 Arame,58
210100 Arari,48
210110 Axix�,25
210120 Bacabal,259
210125 Bacabeira,28
210130 Bacuri,23
210140 Balsas,215
210150 Bar�o de Graja�,31
210160 Barra do Corda,153
210170 Barreirinhas,52
210177 Bela Vista do Maranh�o,16
210180 Benedito Leite,20
210190 Bequim�o,18
210193 Bernardo do Mearim,15
210197 Boa Vista do Gurupi,15
210200 Bom Jardim,36
210203 Bom Jesus das Selvas,22
210210 Brejo,37
210220 Buriti,42
210230 Buriti Bravo,44
210232 Buriticupu,84
210240 Cajapi�,19
210250 Cajari,20
210255 Campestre do Maranh�o,21
210260 C�ndido Mendes,10
210270 Cantanhede,59
210275 Capinzal do Norte,13
210280 Carolina,30
210290 Carutapera,38
210300 Caxias,314
210310 Cedral,15
210312 Central do Maranh�o,15
210320 Chapadinha,125
210325 Cidel�ndia,21
210330 Cod�,84
210340 Coelho Neto,120
210350 Colinas,93
210355 Concei��o do Lago-A�u,15
210360 Coroat�,76
210370 Cururupu,109
210375 Davin�polis,14
210380 Dom Pedro,29
210390 Duque Bacelar,26
210400 Esperantin�polis,44
210405 Estreito,61
210407 Feira Nova do Maranh�o,20
210408 Fernando Falc�o,18
210409 Formosa da Serra Negra,13
210410 Fortaleza dos Nogueiras,31
210420 Fortuna,17
210440 Gon�alves Dias,29
210450 Governador Archer,24
210455 Governador Edison Lob�o,31
210460 Governador Eug�nio Barros,30
210462 Governador Luiz Rocha,20
210465 Governador Newton Bello,19
210467 Governador Nunes Freire,204
210470 Gra�a Aranha,18
210480 Graja�,188
210490 Guimar�es,36
210500 Humberto de Campos,30
210510 Icatu,34
210515 Igarap� do Meio,37
210520 Igarap� Grande,37
210530 Imperatriz,879
210535 Itaipava do Graja�,25
210540 Itapecuru Mirim,69
210542 Itinga do Maranh�o,76
210545 Jatob�,16
210547 Jenipapo dos Vieiras,17
210550 Jo�o Lisboa,62
210560 Josel�ndia,22
210565 Junco do Maranh�o,3
210570 Lago da Pedra,145
210580 Lago do Junco,20
210590 Lago Verde,45
210592 Lagoa do Mato,22
210596 Lagoa Grande do Maranh�o,19
210600 Lima Campos,38
210610 Loreto,20
210620 Lu�s Domingues,9
210630 Magalh�es de Almeida,20
210632 Maraca�um�,11
210637 Maranh�ozinho,18
210640 Mata Roma,23
210650 Matinha,17
210660 Mat�es,50
210667 Milagres do Maranh�o,9
210670 Mirador,20
210675 Miranda do Norte,52
210680 Mirinzal,22
210690 Mon��o,52
210700 Montes Altos,24
210710 Morros,20
210720 Nina Rodrigues,15
210725 Nova Colinas,14
210730 Nova Iorque,15
210735 Nova Olinda do Maranh�o,37
210740 Olho d'�gua das Cunh�s,20
210745 Olinda Nova do Maranh�o,50
210750 Pa�o do Lumiar,17
210760 Palmeir�ndia,17
210770 Paraibano,48
210780 Parnarama,51
210790 Passagem Franca,116
210800 Pastos Bons,55
210805 Paulino Neves,20
210810 Paulo Ramos,39
210820 Pedreiras,114
210825 Pedro do Ros�rio,34
210830 Penalva,63
210840 Peri Mirim,27
210845 Peritor�,56
210850 Pindar�-Mirim,40
210860 Pinheiro,248
210870 Pio XII,35
210880 Pirapemas,24
210890 Po��o de Pedras,37
210900 Porto Franco,79
210905 Porto Rico do Maranh�o,28
210910 Presidente Dutra,189
210920 Presidente Juscelino,15
210927 Presidente Sarney,15
210930 Presidente Vargas,22
210940 Primeira Cruz,19
210945 Raposa,48
210950 Riach�o,79
210955 Ribamar Fiquene,20
210960 Ros�rio,123
210970 Samba�ba,17
210975 Santa Filomena do Maranh�o,17
210980 Santa Helena,58
210990 Santa In�s,335
211000 Santa Luzia,53
211003 Santa Luzia do Paru�,78
211010 Santa Quit�ria do Maranh�o,42
211020 Santa Rita,35
211023 Santana do Maranh�o,16
211027 Santo Amaro do Maranh�o,20
211030 Santo Ant�nio dos Lopes,30
211040 S�o Benedito do Rio Preto,32
211050 S�o Bento,50
211060 S�o Bernardo,27
211065 S�o Domingos do Azeit�o,20
211070 S�o Domingos do Maranh�o,35
211080 S�o F�lix de Balsas,20
211085 S�o Francisco do Brej�o,24
211090 S�o Francisco do Maranh�o,23
211100 S�o Jo�o Batista,50
211102 S�o Jo�o do Car�,35
211105 S�o Jo�o do Para�so,20
211107 S�o Jo�o do Soter,19
211110 S�o Jo�o dos Patos,54
211120 S�o Jos� de Ribamar,177
211125 S�o Jos� dos Bas�lios,13
211130 S�o Lu�s,4177
211140 S�o Lu�s Gonzaga do Maranh�o,31
211150 S�o Mateus do Maranh�o,52
211153 S�o Pedro da �gua Branca,26
211157 S�o Pedro dos Crentes,18
211160 S�o Raimundo das Mangabeiras,37
211163 S�o Raimundo do Doca Bezerra,12
211170 S�o Vicente Ferrer,56
211172 Satubinha,28
211174 Senador Alexandre Costa,35
211180 S�tio Novo,32
211190 Sucupira do Norte,24
211195 Sucupira do Riach�o,16
211200 Tasso Fragoso,16
211210 Timbiras,48
211220 Timon,143
211223 Trizidela do Vale,29
211227 Tufil�ndia,19
211230 Tuntum,50
211240 Turia�u,52
211250 Tut�ia,87
211260 Urbano Santos,37
211270 Vargem Grande,42
211280 Viana,74
211285 Vila Nova dos Mart�rios,31
211290 Vit�ria do Mearim,32
211300 Vitorino Freire,48
211400 Z� Doca,76
220010 Agricol�ndia,15
220020 �gua Branca,20
220025 Alagoinha do Piau�,12
220030 Alto Long�,14
220040 Altos,37
220050 Amarante,45
220060 Angical do Piau�,11
220070 An�sio de Abreu,10
220090 Aroazes,6
220100 Arraial,4
220110 Avelino Lopes,18
220115 Baixa Grande do Ribeiro,11
220120 Barras,74
220140 Barro Duro,31
220150 Batalha,23
220160 Beneditinos,15
220170 Bertol�nia,4
220180 Bocaina,21
220190 Bom Jesus,50
220191 Bom Princ�pio do Piau�,6
220196 Brasileira,10
220200 Buriti dos Lopes,40
220202 Buriti dos Montes,16
220220 Campo Maior,208
220225 Canavieira,4
220230 Canto do Buriti,23
220240 Capit�o de Campos,9
220250 Caracol,11
220260 Castelo do Piau�,38
220270 Cocal,23
220277 Col�nia do Piau�,7
220280 Concei��o do Canind�,45
220290 Corrente,45
220300 Cristal�ndia do Piau�,13
220310 Cristino Castro,21
220320 Curimat�,34
220330 Demerval Lob�o,24
220335 Dirceu Arcoverde,7
220350 Elesb�o Veloso,34
220360 Eliseu Martins,8
220370 Esperantina,75
220380 Flores do Piau�,2
220390 Floriano,251
220400 Francin�polis,14
220410 Francisco Ayres,4
220420 Francisco Santos,14
220430 Fronteiras,25
220440 Gilbu�s,9
220450 Guadalupe,32
220470 Inhuma,11
220480 Ipiranga do Piau�,15
220490 Isa�as Coelho,20
220500 Itain�polis,21
220510 Itaueira,26
220520 Jaic�s,35
220530 Jerumenha,7
220540 Joaquim Pires,17
220545 Joca Marques,6
220550 Jos� de Freitas,24
220553 Jurema,13
220555 Lagoa Alegre,10
220560 Landri Sales,8
220570 Lu�s Correia,43
220580 Luzil�ndia,38
220585 Madeiro,7
220590 Manoel Em�dio,11
220595 Marcol�ndia,38
220600 Marcos Parente,11
220610 Matias Ol�mpio,15
220620 Miguel Alves,22
220640 Monsenhor Gil,13
220650 Monsenhor Hip�lito,20
220660 Monte Alegre do Piau�,25
220670 Nazar� do Piau�,6
220680 Nossa Senhora dos Rem�dios,9
220690 Novo Oriente do Piau�,8
220700 Oeiras,113
220720 Padre Marcos,36
220730 Paes Landim,8
220740 Palmeira do Piau�,12
220750 Palmeirais,16
220760 Parnagu�,17
220770 Parna�ba,554
220780 Paulistana,89
220790 Pedro II,76
220800 Picos,452
220810 Pimenteiras,16
220820 Pio IX,35
220830 Piracuruca,65
220840 Piripiri,100
220850 Porto,17
220855 Porto Alegre do Piau�,3
220860 Prata do Piau�,16
220870 Reden��o do Gurgu�ia,19
220880 Regenera��o,29
220890 Ribeiro Gon�alves,17
220900 Rio Grande do Piau�,2
220910 Santa Cruz do Piau�,21
220920 Santa Filomena,10
220937 Santa Rosa do Piau�,16
220940 Santo Ant�nio de Lisboa,4
220950 Santo In�cio do Piau�,7
220960 S�o F�lix do Piau�,20
220970 S�o Francisco do Piau�,7
220980 S�o Gon�alo do Piau�,12
220990 S�o Jo�o da Serra,12
221000 S�o Jo�o do Piau�,75
221010 S�o Jos� do Peixe,6
221020 S�o Jos� do Piau�,8
221030 S�o Juli�o,29
221040 S�o Miguel do Tapuio,39
221050 S�o Pedro do Piau�,41
221060 S�o Raimundo Nonato,276
221070 Sim�es,52
221080 Simpl�cio Mendes,32
221090 Socorro do Piau�,12
221100 Teresina,3497
221110 Uni�o,50
221120 Uru�u�,37
221130 Valen�a do Piau�,55
221140 V�rzea Grande,14
221170 Wall Ferraz,19
230010 Abaiara,1
230020 Acara�,73
230030 Acopiara,104
230040 Aiuaba,29
230060 Altaneira,19
230070 Alto Santo,35
230075 Amontada,40
230080 Antonina do Norte,16
230090 Apuiar�s,12
230100 Aquiraz,123
230110 Aracati,124
230120 Aracoiaba,50
230125 Ararend�,20
230130 Araripe,42
230140 Aratuba,12
230150 Arneiroz,16
230160 Assar�,46
230170 Aurora,89
230180 Baixio,19
230185 Banabui�,17
230190 Barbalha,392
230195 Barreira,25
230200 Barro,32
230205 Barroquinha,9
230210 Baturit�,72
230220 Beberibe,34
230230 Bela Cruz,32
230240 Boa Viagem,66
230250 Brejo Santo,241
230260 Camocim,92
230270 Campos Sales,49
230280 Canind�,140
230290 Capistrano,14
230300 Caridade,21
230310 Carir�,18
230320 Cariria�u,33
230330 Cari�s,16
230340 Carnaubal,16
230350 Cascavel,68
230360 Catarina,18
230365 Catunda,23
230370 Caucaia,273
230380 Cedro,63
230390 Chaval,23
230393 Chor�,16
230395 Chorozinho,16
230400 Corea�,14
230410 Crate�s,186
230420 Crato,423
230423 Croat�,37
230425 Cruz,56
230426 Deputado Irapuan Pinheiro,12
230427 Erer�,9
230428 Eus�bio,120
230430 Farias Brito,43
230435 Forquilha,8
230440 Fortaleza,8779
230445 Fortim,12
230450 Frecheirinha,16
230460 General Sampaio,13
230470 Granja,48
230480 Granjeiro,25
230490 Groa�ras,19
230495 Guai�ba,13
230500 Guaraciaba do Norte,40
230510 Guaramiranga,11
230520 Hidrol�ndia,34
230523 Horizonte,60
230526 Ibaretama,21
230530 Ibiapina,37
230533 Ibicuitinga,8
230535 Icapu�,16
230540 Ic�,54
230550 Iguatu,232
230560 Independ�ncia,32
230565 Ipaporanga,18
230570 Ipaumirim,26
230580 Ipu,144
230590 Ipueiras,47
230600 Iracema,31
230610 Irau�uba,21
230620 Itai�aba,17
230625 Itaitinga,26
230630 Itapag�,36
230640 Itapipoca,192
230650 Itapi�na,28
230655 Itarema,35
230670 Jaguaretama,31
230680 Jaguaribara,23
230690 Jaguaribe,30
230700 Jaguaruana,24
230710 Jardim,64
230720 Jati,33
230725 Jijoca de Jericoacoara,31
230730 Juazeiro do Norte,485
230740 Juc�s,27
230750 Lavras da Mangabeira,47
230760 Limoeiro do Norte,296
230763 Madalena,24
230765 Maracana�,381
230770 Maranguape,111
230780 Marco,33
230790 Martin�pole,9
230800 Massap�,30
230810 Mauriti,76
230820 Meruoca,20
230830 Milagres,87
230835 Milh�,28
230840 Miss�o Velha,68
230850 Momba�a,65
230860 Monsenhor Tabosa,49
230870 Morada Nova,151
230880 Mora�jo,12
230890 Morrinhos,21
230900 Mucambo,40
230910 Mulungu,9
230920 Nova Olinda,20
230930 Nova Russas,43
230940 Novo Oriente,20
230945 Ocara,19
230950 Or�s,37
230960 Pacajus,40
230970 Pacatuba,38
230980 Pacoti,20
231000 Palhano,9
231010 Palm�cia,16
231020 Paracuru,41
231025 Paraipaba,25
231030 Parambu,43
231040 Paramoti,28
231050 Pedra Branca,51
231060 Penaforte,20
231070 Pentecoste,58
231080 Pereiro,25
231085 Pindoretama,14
231090 Piquet Carneiro,22
231100 Poranga,21
231110 Porteiras,27
231120 Potengi,18
231123 Potiretama,13
231126 Quiterian�polis,29
231130 Quixad�,99
231135 Quixel�,24
231140 Quixeramobim,338
231150 Quixer�,25
231160 Reden��o,53
231170 Reriutaba,26
231180 Russas,228
231190 Saboeiro,37
231195 Salitre,14
231220 Santa Quit�ria,61
231200 Santana do Acara�,40
231210 Santana do Cariri,21
231230 S�o Benedito,50
231240 S�o Gon�alo do Amarante,42
231260 S�o Lu�s do Curu,20
231270 Senador Pompeu,53
231290 Sobral,873
231300 Solon�pole,33
231310 Tabuleiro do Norte,62
231320 Tamboril,39
231325 Tarrafas,16
231330 Tau�,131
231335 Teju�uoca,16
231340 Tiangu�,112
231350 Trairi,22
231355 Tururu,13
231360 Ubajara,24
231370 Umari,21
231375 Umirim,13
231380 Uruburetama,25
231390 Uruoca,16
231395 Varjota,19
231400 V�rzea Alegre,50
231410 Vi�osa do Cear�,69
240010 Acari,40
240020 A�u,60
240030 Afonso Bezerra,11
240050 Alexandria,124
240060 Almino Afonso,50
240070 Alto do Rodrigues,21
240080 Angicos,28
240090 Ant�nio Martins,32
240100 Apodi,60
240110 Areia Branca,34
240120 Ar�s,26
240140 Ba�a Formosa,9
240145 Bara�na,21
240150 Barcelona,12
240160 Bento Fernandes,15
240170 Bom Jesus,10
240180 Brejinho,14
240190 Cai�ara do Rio do Vento,8
240200 Caic�,184
240210 Campo Redondo,8
240230 Cara�bas,32
240240 Carna�ba dos Dantas,41
240250 Carnaubais,21
240260 Cear�-Mirim,65
240270 Cerro Cor�,24
240280 Coronel Ezequiel,12
240290 Coronel Jo�o Pessoa,9
240300 Cruzeta,12
240310 Currais Novos,114
240320 Doutor Severiano,12
240330 Encanto,18
240340 Equador,20
240360 Extremoz,16
240370 Felipe Guerra,15
240400 Frutuoso Gomes,28
240420 Goianinha,14
240430 Governador Dix-Sept Rosado,12
240440 Grossos,13
240450 Guamar�,32
240460 Ielmo Marinho,1
240490 Ita�,15
240500 Ja�an�,17
240510 Janda�ra,3
240520 Jandu�s,20
240530 Janu�rio Cicco,18
240540 Japi,1
240550 Jardim de Angicos,3
240560 Jardim de Piranhas,25
240570 Jardim do Serid�,32
240580 Jo�o C�mara,34
240590 Jo�o Dias,2
240600 Jos� da Penha,21
240610 Jucurutu,48
240620 Lagoa d'Anta,10
240640 Lagoa de Velhos,8
240650 Lagoa Nova,24
240670 Lajes,31
240680 Lajes Pintadas,8
240690 Lucr�cia,12
240700 Lu�s Gomes,30
240710 Maca�ba,55
240720 Macau,66
240725 Major Sales,12
240740 Martins,30
240760 Messias Targino,16
240770 Montanhas,19
240780 Monte Alegre,21
240790 Monte das Gameleiras,13
240800 Mossor�,836
240810 Natal,3198
240820 N�sia Floresta,24
240830 Nova Cruz,38
240840 Olho-d'�gua do Borges,14
240860 Paran�,8
240880 Parazinho,6
240890 Parelhas,55
240325 Parnamirim,218
240910 Passa e Fica,30
240930 Patu,45
240940 Pau dos Ferros,154
240960 Pedra Preta,4
240980 Pedro Velho,11
240990 Pend�ncias,13
241000 Pil�es,10
241010 Po�o Branco,30
241020 Portalegre,31
241025 Porto do Mangue,2
241050 Rafael Fernandes,8
241060 Rafael Godeiro,19
241070 Riacho da Cruz,24
241090 Riachuelo,12
240895 Rio do Fogo,8
241100 Rodolfo Fernandes,18
241110 Ruy Barbosa,13
241120 Santa Cruz,129
241140 Santana do Matos,25
241142 Santana do Serid�,11
241150 Santo Ant�nio,46
241170 S�o Bento do Trair�,10
241200 S�o Gon�alo do Amarante,134
241210 S�o Jo�o do Sabugi,8
241220 S�o Jos� de Mipibu,98
241230 S�o Jos� do Campestre,16
241240 S�o Jos� do Serid�,12
241250 S�o Miguel,70
241255 S�o Miguel do Gostoso,7
241260 S�o Paulo do Potengi,40
241270 S�o Pedro,4
241280 S�o Rafael,19
241290 S�o Tom�,14
241300 S�o Vicente,14
241310 Senador El�i de Souza,7
241030 Serra Caiada,22
241330 Serra de S�o Bento,12
241335 Serra do Mel,17
241340 Serra Negra do Norte,22
241355 Serrinha dos Pintos,13
241360 Severiano Melo,15
241370 S�tio Novo,12
241380 Taboleiro Grande,14
241390 Taipu,6
241400 Tangar�,17
241410 Tenente Ananias,27
241415 Tenente Laurentino Cruz,3
241105 Tibau,14
241420 Tibau do Sul,15
241440 Touros,30
241445 Triunfo Potiguar,12
241460 Upanema,13
241475 Venha-Ver,8
241480 Vera Cruz,12
241490 Vi�osa,15
241500 Vila Flor,21
250010 �gua Branca,20
250020 Aguiar,12
250030 Alagoa Grande,46
250040 Alagoa Nova,28
250090 Arara,17
250110 Areia,36
250130 Aroeiras,40
250150 Bananeiras,37
250180 Bayeux,48
250190 Bel�m,25
250200 Bel�m do Brejo do Cruz,31
250210 Boa Ventura,3
250230 Bom Sucesso,16
250240 Bonito de Santa F�,19
250250 Boqueir�o,25
250280 Brejo do Cruz,32
250290 Brejo dos Santos,18
250300 Caapor�,38
250320 Cabedelo,35
250340 Cacimba de Areia,5
250350 Cacimba de Dentro,13
250370 Cajazeiras,216
250400 Campina Grande,1701
250430 Catol� do Rocha,64
250440 Concei��o,58
250460 Conde,60
250480 Coremas,39
250500 Cubati,16
250510 Cuit�,67
250570 Dona In�s,12
250600 Esperan�a,26
250620 Frei Martinho,18
250630 Guarabira,207
250650 Gurj�o,4
250660 Ibiara,12
250260 Igaracy,12
250680 Ing�,10
250690 Itabaiana,41
250700 Itaporanga,48
250710 Itapororoca,18
250730 Jacara�,8
250750 Jo�o Pessoa,2876
250770 Juazeirinho,18
250790 Juripiranga,12
250800 Juru,11
250820 Lagoa de Dentro,19
250830 Lagoa Seca,28
250840 Lastro,10
250860 Lucena,2
250890 Mamanguape,104
250910 Mari,6
250920 Massaranduba,51
250970 Monteiro,77
250990 Natuba,19
251010 Nova Floresta,19
251020 Nova Olinda,22
251040 Olho d'�gua,1
251080 Patos,319
251090 Paulista,31
251110 Pedra Lavrada,20
251120 Pedras de Fogo,47
251130 Pianc�,86
251140 Picu�,100
251150 Pilar,19
251200 Pocinhos,50
251210 Pombal,94
251230 Princesa Isabel,55
251250 Queimadas,36
251280 Riacho dos Cavalos,8
251320 Santa Cruz,13
251335 Santa In�s,10
251340 Santa Luzia,36
251370 Santa Rita,199
251385 Santo Andr�,6
251390 S�o Bento,47
250070 S�o Jo�o do Rio do Peixe,28
251420 S�o Jos� da Lagoa Tapada,3
251430 S�o Jos� de Caiana,15
251450 S�o Jos� de Piranhas,17
251490 S�o Mamede,26
251540 S�o Vicente do Serid�,24
251530 Sap�,78
251550 Serra Branca,58
251570 Serra Grande,12
251590 Serraria,7
251600 Sol�nea,34
251610 Soledade,22
251620 Sousa,159
251630 Sum�,41
251650 Tapero�,52
251660 Tavares,23
251670 Teixeira,39
251690 Uira�na,47
260005 Abreu e Lima,315
260010 Afogados da Ingazeira,148
260020 Afr�nio,54
260030 Agrestina,123
260040 �gua Preta,50
260050 �guas Belas,30
260060 Alagoinha,24
260070 Alian�a,26
260080 Altinho,24
260090 Amaraji,31
260100 Angelim,12
260105 Ara�oiaba,3
260110 Araripina,231
260120 Arcoverde,175
260130 Barra de Guabiraba,15
260140 Barreiros,130
260150 Bel�m de Maria,9
260160 Bel�m do S�o Francisco,29
260170 Belo Jardim,95
260180 Bet�nia,21
260190 Bezerros,172
260200 Bodoc�,24
260210 Bom Conselho,53
260220 Bom Jardim,33
260230 Bonito,52
260240 Brej�o,16
260250 Brejinho,11
260260 Brejo da Madre de Deus,60
260270 Buenos Aires,17
260280 Bu�que,57
260290 Cabo de Santo Agostinho,515
260300 Cabrob�,45
260310 Cachoeirinha,26
260320 Caet�s,40
260330 Cal�ado,17
260340 Calumbi,17
260345 Camaragibe,326
260350 Camocim de S�o F�lix,19
260360 Camutanga,7
260370 Canhotinho,32
260380 Capoeiras,40
260390 Carna�ba,25
260392 Carnaubeira da Penha,11
260400 Carpina,114
260410 Caruaru,877
260415 Casinhas,35
260420 Catende,27
260430 Cedro,18
260440 Ch� de Alegria,19
260450 Ch� Grande,40
260460 Condado,21
260470 Correntes,29
260480 Cort�s,39
260490 Cumaru,21
260500 Cupira,20
260510 Cust�dia,87
260515 Dormentes,27
260520 Escada,83
260530 Exu,42
260540 Feira Nova,28
260545 Fernando de Noronha,17
260550 Ferreiros,7
260560 Flores,33
260570 Floresta,71
260580 Frei Miguelinho,11
260590 Gameleira,23
260600 Garanhuns,422
260610 Gl�ria do Goit�,24
260620 Goiana,193
260630 Granito,19
260640 Gravat�,98
260650 Iati,22
260660 Ibimirim,26
260670 Ibirajuba,20
260680 Igarassu,342
260690 Iguaracy,22
260760 Ilha de Itamarac�,14
260700 Inaj�,13
260710 Ingazeira,4
260720 Ipojuca,65
260730 Ipubi,45
260740 Itacuruba,15
260750 Ita�ba,34
260765 Itamb�,42
260770 Itapetim,32
260775 Itapissuma,1
260780 Itaquitinga,14
260790 Jaboat�o dos Guararapes,877
260795 Jaqueira,32
260800 Jata�ba,19
260805 Jatob�,23
260810 Jo�o Alfredo,33
260820 Joaquim Nabuco,14
260825 Jucati,12
260830 Jupi,16
260840 Jurema,27
260850 Lagoa de Itaenga,27
260845 Lagoa do Carro,13
260860 Lagoa do Ouro,33
260870 Lagoa dos Gatos,17
260875 Lagoa Grande,31
260880 Lajedo,41
260890 Limoeiro,147
260900 Macaparana,52
260910 Machados,15
260915 Manari,27
260920 Maraial,13
260930 Mirandiba,9
261430 Moreil�ndia,11
260940 Moreno,135
260950 Nazar� da Mata,40
260960 Olinda,594
260970 Orob�,32
260980 Oroc�,17
260990 Ouricuri,116
261000 Palmares,304
261010 Palmeirina,14
261020 Panelas,26
261030 Paranatama,32
261040 Parnamirim,40
261050 Passira,39
261060 Paudalho,141
261070 Paulista,581
261080 Pedra,28
261090 Pesqueira,167
261100 Petrol�ndia,112
261110 Petrolina,826
261120 Po��o,15
261130 Pombos,21
261140 Primavera,4
261150 Quipap�,10
261160 Recife,9310
261170 Riacho das Almas,38
261180 Ribeir�o,45
261190 Rio Formoso,16
261200 Sair�,10
261210 Salgadinho,5
261220 Salgueiro,265
261230 Salo�,30
261240 Sanhar�,14
261245 Santa Cruz,24
261247 Santa Cruz da Baixa Verde,21
261250 Santa Cruz do Capibaribe,141
261255 Santa Filomena,17
261260 Santa Maria da Boa Vista,29
261280 Santa Terezinha,19
261290 S�o Benedito do Sul,28
261300 S�o Bento do Una,46
261310 S�o Caitano,30
261320 S�o Jo�o,31
261330 S�o Joaquim do Monte,34
261340 S�o Jos� da Coroa Grande,22
261350 S�o Jos� do Belmonte,32
261360 S�o Jos� do Egito,90
261370 S�o Louren�o da Mata,97
261380 S�o Vicente Ferrer,29
261390 Serra Talhada,446
261400 Serrita,32
261410 Sert�nia,73
261420 Sirinha�m,26
261440 Solid�o,16
261450 Surubim,203
261460 Tabira,69
261480 Tacaratu,21
261485 Tamandar�,16
261500 Taquaritinga do Norte,56
261510 Terezinha,12
261520 Terra Nova,11
261530 Timba�ba,137
261540 Toritama,44
261550 Tracunha�m,11
261560 Trindade,73
261570 Triunfo,18
261580 Tupanatinga,21
261590 Tuparetama,39
261600 Venturosa,24
261610 Verdejante,15
261618 Vertente do L�rio,4
261620 Vertentes,82
261630 Vic�ncia,40
261640 Vit�ria de Santo Ant�o,424
261650 Xex�u,14
270010 �gua Branca,25
270020 Anadia,25
270030 Arapiraca,979
270040 Atalaia,44
270070 Batalha,35
270100 Boca da Mata,14
270120 Cacimbinhas,3
270130 Cajueiro,26
270140 Campo Alegre,77
270170 Capela,49
270210 Col�nia Leopoldina,33
270230 Coruripe,274
270235 Cra�bas,8
270240 Delmiro Gouveia,44
270280 Flexeiras,15
270290 Girau do Ponciano,64
270300 Ibateguara,3
270310 Igaci,14
270375 Jequi� da Praia,2
270380 Joaquim Gomes,50
270400 Junqueiro,35
270410 Lagoa da Canoa,3
270420 Limoeiro de Anadia,14
270430 Macei�,3306
270440 Major Isidoro,32
270450 Maragogi,4
270500 Mata Grande,36
270510 Matriz de Camaragibe,24
270550 Murici,53
270570 Olho d'�gua das Flores,47
270630 Palmeira dos �ndios,136
270640 P�o de A��car,52
270660 Paulo Jacinto,16
270670 Penedo,109
270680 Pia�abu�u,18
270690 Pilar,43
270710 Piranhas,42
270730 Porto Calvo,41
270760 Quebrangulo,28
270770 Rio Largo,81
270800 Santana do Ipanema,102
270820 S�o Br�s,3
270830 S�o Jos� da Laje,70
270840 S�o Jos� da Tapera,20
270850 S�o Lu�s do Quitunde,27
270860 S�o Miguel dos Campos,124
270880 S�o Sebasti�o,6
270910 Taquarana,1
270915 Teot�nio Vilela,50
270920 Traipu,9
270930 Uni�o dos Palmares,61
270940 Vi�osa,40
280020 Aquidab�,32
280030 Aracaju,2444
280040 Arau�,1
280067 Boquim,18
280120 Canind� de S�o Francisco,27
280130 Capela,65
280140 Carira,1
280210 Est�ncia,196
280230 Frei Paulo,1
280290 Itabaiana,165
280300 Itabaianinha,45
280340 Japoat�,21
280350 Lagarto,176
280360 Laranjeiras,1
280420 Monte Alegre de Sergipe,7
280440 Ne�polis,25
280450 Nossa Senhora da Gl�ria,49
280480 Nossa Senhora do Socorro,56
280540 Po�o Redondo,18
280550 Po�o Verde,12
280560 Porto da Folha,18
280570 Propri�,49
280580 Riach�o do Dantas,1
280590 Riachuelo,56
280610 Ros�rio do Catete,14
280670 S�o Crist�v�o,31
280710 Sim�o Dias,2
280760 Umba�ba,4
290010 Aba�ra,9
290020 Abar�,24
290030 Acajutiba,8
290035 Adustina,19
290040 �gua Fria,20
290060 Aiquara,13
290070 Alagoinhas,242
290080 Alcoba�a,59
290100 Amargosa,52
290110 Am�lia Rodrigues,16
290115 Am�rica Dourada,26
290120 Anag�,33
290130 Andara�,32
290135 Andorinha,6
290140 Angical,6
290150 Anguera,6
290160 Antas,142
290190 Apor�,1
290205 Ara�as,23
290200 Aracatu,41
290210 Araci,48
290240 Aurelino Leal,40
290250 Baian�polis,28
290260 Baixa Grande,36
290270 Barra,83
290280 Barra da Estiva,84
290290 Barra do Cho�a,32
290300 Barra do Mendes,26
290320 Barreiras,384
290323 Barro Alto,23
290330 Barro Preto,9
290327 Barrocas,29
290340 Belmonte,40
290350 Belo Campo,44
290360 Biritinga,14
290380 Boa Vista do Tupim,14
290390 Bom Jesus da Lapa,90
290395 Bom Jesus da Serra,28
290400 Boninal,24
290405 Bonito,16
290410 Boquira,26
290420 Botupor�,16
290430 Brej�es,19
290440 Brejol�ndia,35
290450 Brotas de Maca�bas,15
290460 Brumado,112
290475 Buritirama,19
290480 Caatiba,14
290485 Cabaceiras do Paragua�u,4
290490 Cachoeira,83
290500 Cacul�,51
290510 Ca�m,36
290520 Caetit�,156
290530 Cafarnaum,33
290550 Caldeir�o Grande,39
290560 Camacan,85
290570 Cama�ari,396
290580 Camamu,17
290590 Campo Alegre de Lourdes,77
290600 Campo Formoso,84
290610 Can�polis,24
290620 Canarana,36
290630 Canavieiras,75
290640 Candeal,7
290650 Candeias,96
290660 Candiba,37
290670 C�ndido Sales,57
290680 Cansan��o,46
290682 Canudos,41
290685 Capela do Alto Alegre,11
290687 Capim Grosso,57
290689 Cara�bas,3
290690 Caravelas,57
290710 Carinhanha,30
290720 Casa Nova,41
290730 Castro Alves,60
290750 Catu,97
290755 Caturama,8
290760 Central,42
290770 Chorroch�,15
290780 C�cero Dantas,49
290790 Cip�,30
290800 Coaraci,43
290810 Cocos,31
290830 Concei��o do Almeida,32
290840 Concei��o do Coit�,214
290850 Concei��o do Jacu�pe,94
290860 Conde,15
290870 Conde�ba,16
290890 Cora��o de Maria,21
290900 Cordeiros,5
290910 Coribe,36
290930 Correntina,35
290940 Cotegipe,29
290950 Cravol�ndia,24
290960 Cris�polis,23
290970 Crist�polis,69
290980 Cruz das Almas,85
290990 Cura��,26
291005 Dias d'�vila,110
291010 Dom Bas�lio,14
291030 El�sio Medrado,12
291040 Encruzilhada,49
291050 Entre Rios,65
290050 �rico Cardoso,15
291060 Esplanada,40
291070 Euclides da Cunha,47
291072 Eun�polis,259
291077 Feira da Mata,6
291080 Feira de Santana,1342
291085 Filad�lfia,31
291110 Formosa do Rio Preto,29
291120 Gandu,62
291130 Gentio do Ouro,16
291150 Gongogi,5
291160 Governador Mangabeira,40
291170 Guanambi,205
291180 Guaratinga,32
291190 Ia�u,34
291200 Ibiassuc�,29
291210 Ibicara�,32
291230 Ibicu�,21
291240 Ibipeba,44
291250 Ibipitanga,14
291260 Ibiquera,2
291270 Ibirapitanga,30
291280 Ibirapu�,23
291290 Ibirataia,91
291300 Ibitiara,62
291310 Ibitit�,32
291320 Ibotirama,78
291330 Ichu,22
291340 Igapor�,29
291345 Igrapi�na,8
291350 Igua�,84
291360 Ilh�us,633
291370 Inhambupe,38
291380 Ipecaet�,12
291390 Ipia�,124
291400 Ipir�,44
291410 Ipupiara,24
291420 Irajuba,29
291430 Iramaia,16
291440 Iraquara,47
291450 Irar�,30
291460 Irec�,175
291465 Itabela,38
291470 Itaberaba,111
291480 Itabuna,575
291490 Itacar�,61
291500 Itaet�,15
291510 Itagi,8
291520 Itagib�,5
291530 Itagimirim,20
291535 Itagua�u da Bahia,24
291540 Itaju do Col�nia,12
291550 Itaju�pe,60
291560 Itamaraju,84
291580 Itamb�,50
291600 Itanh�m,54
291610 Itaparica,52
291630 Itapebi,12
291640 Itapetinga,89
291650 Itapicuru,54
291660 Itapitanga,16
291670 Itaquara,19
291680 Itarantim,30
291685 Itatim,30
291690 Itiru�u,85
291700 Iti�ba,45
291710 Itoror�,45
291720 Itua�u,24
291730 Ituber�,33
291733 Iui�,14
291735 Jaborandi,30
291740 Jacaraci,29
291750 Jacobina,249
291760 Jaguaquara,117
291770 Jaguarari,28
291800 Jequi�,575
291810 Jeremoabo,34
291820 Jiquiri��,23
291830 Jita�na,14
291835 Jo�o Dourado,32
291840 Juazeiro,522
291845 Jucuru�u,24
291850 Jussara,31
291855 Jussari,37
291860 Jussiape,12
291875 Lagoa Real,17
291880 Laje,41
291905 Lajedo do Tabocal,27
291915 Lap�o,50
291920 Lauro de Freitas,555
291930 Len��is,14
291940 Lic�nio de Almeida,20
291950 Livramento de Nossa Senhora,89
291955 Lu�s Eduardo Magalh�es,122
291960 Macajuba,20
291970 Macarani,27
291980 Maca�bas,76
291990 Macurur�,18
291992 Madre de Deus,28
292000 Maiquinique,14
292010 Mairi,27
292020 Malhada,21
292050 Marac�s,58
292080 Marcion�lio Souza,19
292100 Mata de S�o Jo�o,58
292105 Matina,21
292110 Medeiros Neto,32
292120 Miguel Calmon,87
292130 Milagres,21
292140 Mirangaba,5
292150 Monte Santo,60
292160 Morpar�,2
292170 Morro do Chap�u,56
292180 Mortugaba,24
292190 Mucug�,32
292200 Mucuri,97
292205 Mulungu do Morro,34
292210 Mundo Novo,32
292230 Muritiba,40
292240 Mutu�pe,45
292250 Nazar�,50
292265 Nordestina,30
292270 Nova Cana�,30
292273 Nova F�tima,5
292290 Nova Soure,7
292300 Nova Vi�osa,61
292310 Olindina,23
292320 Oliveira dos Brejinhos,13
292330 Ouri�angas,15
292335 Ourol�ndia,17
292340 Palmas de Monte Alto,54
292360 Paramirim,90
292370 Paratinga,36
292380 Paripiranga,18
292390 Pau Brasil,7
292400 Paulo Afonso,192
292405 P� de Serra,8
292430 Piat�,26
292440 Pil�o Arcado,30
292450 Pinda�,24
292460 Pindoba�u,58
292465 Pintadas,11
292470 Pirip�,17
292480 Piritiba,37
292490 Planaltino,27
292500 Planalto,59
292510 Po��es,68
292520 Pojuca,147
292525 Ponto Novo,29
292530 Porto Seguro,178
292540 Potiragu�,21
292550 Prado,42
292560 Presidente Dutra,17
292575 Presidente Tancredo Neves,17
292580 Queimadas,50
292590 Quijingue,17
292595 Rafael Jambeiro,22
292600 Remanso,101
292610 Retirol�ndia,24
292620 Riach�o das Neves,29
292630 Riach�o do Jacu�pe,121
292640 Riacho de Santana,59
292650 Ribeira do Amparo,5
292660 Ribeira do Pombal,95
292670 Rio de Contas,17
292690 Rio do Pires,27
292700 Rio Real,55
292720 Ruy Barbosa,120
292730 Salinas da Margarida,9
292740 Salvador,8822
292750 Santa B�rbara,13
292770 Santa Cruz Cabr�lia,22
292790 Santa In�s,23
292810 Santa Maria da Vit�ria,55
292840 Santa Rita de C�ssia,24
292850 Santa Teresinha,28
292800 Santaluz,101
292820 Santana,36
292830 Santan�polis,13
292860 Santo Amaro,89
292870 Santo Ant�nio de Jesus,328
292880 Santo Est�v�o,108
292890 S�o Desid�rio,24
292895 S�o Domingos,20
292910 S�o Felipe,18
292900 S�o F�lix,90
292905 S�o F�lix do Coribe,49
292920 S�o Francisco do Conde,35
292925 S�o Gabriel,34
292930 S�o Gon�alo dos Campos,36
292940 S�o Miguel das Matas,29
292950 S�o Sebasti�o do Pass�,53
292960 Sapea�u,27
292970 S�tiro Dias,25
292975 Saubara,13
292980 Sa�de,39
292990 Seabra,95
293000 Sebasti�o Laranjeiras,20
293010 Senhor do Bonfim,162
293020 Sento S�,32
293015 Serra do Ramalho,31
293030 Serra Dourada,45
293040 Serra Preta,25
293050 Serrinha,224
293060 Serrol�ndia,33
293070 Sim�es Filho,55
293075 S�tio do Mato,18
293077 Sobradinho,50
293080 Souto Soares,12
293090 Tabocas do Brejo Velho,32
293105 Tanque Novo,30
293110 Tanquinho,20
293120 Tapero�,26
293130 Tapiramut�,33
293135 Teixeira de Freitas,289
293150 Teofil�ndia,18
293160 Teol�ndia,24
293180 Tremedal,19
293190 Tucano,67
293200 Uau�,24
293210 Uba�ra,71
293220 Ubaitaba,100
293230 Ubat�,37
293240 Uiba�,30
293245 Umburanas,5
293250 Una,47
293260 Urandi,34
293280 Utinga,20
293290 Valen�a,121
293300 Valente,64
293305 V�rzea da Ro�a,21
293310 V�rzea do Po�o,30
293315 V�rzea Nova,20
293320 Vera Cruz,27
293325 Vereda,12
293330 Vit�ria da Conquista,820
293340 Wagner,37
293345 Wanderley,28
293350 Wenceslau Guimar�es,44
293360 Xique-Xique,85
310010 Abadia dos Dourados,17
310020 Abaet�,46
310030 Abre Campo,66
310060 �gua Boa,15
310090 �guas Formosas,65
310100 �guas Vermelhas,47
310110 Aimor�s,53
310120 Aiuruoca,30
310130 Alagoa,17
310150 Al�m Para�ba,83
310160 Alfenas,453
310170 Almenara,143
310190 Alpin�polis,35
310200 Alterosa,30
310210 Alto Rio Doce,17
310230 Alvin�polis,35
310260 Andradas,65
310280 Andrel�ndia,49
310290 Ant�nio Carlos,12
310340 Ara�ua�,92
310350 Araguari,169
310375 Arapor�,13
310400 Arax�,411
310410 Arceburgo,8
310420 Arcos,64
310430 Areado,14
310450 Arinos,27
310470 Atal�ia,35
310490 Baependi,59
310510 Bambu�,242
310540 Bar�o de Cocais,34
310560 Barbacena,1147
310590 Barroso,49
310620 Belo Horizonte,8797
310630 Belo Oriente,50
310640 Belo Vale,31
310650 Berilo,40
310670 Betim,787
310690 Bicas,35
310710 Boa Esperan�a,71
310730 Bocai�va,64
310740 Bom Despacho,101
310750 Bom Jardim de Minas,29
310780 Bom Jesus do Galho,50
310800 Bom Sucesso,66
310820 Bonfin�polis de Minas,7
310830 Borda da Mata,8
310840 Botelhos,19
310860 Bras�lia de Minas,115
310890 Braz�polis,24
310900 Brumadinho,46
310910 Bueno Brand�o,25
310930 Buritis,31
310940 Buritizeiro,31
310950 Cabo Verde,42
310270 Cachoeira de Paje�,26
310990 Caetan�polis,44
311000 Caet�,56
311030 Caldas,39
311050 Camanducaia,27
311060 Cambu�,49
311070 Cambuquira,36
311090 Campanha,22
311100 Campestre,40
311110 Campina Verde,41
311120 Campo Belo,107
311130 Campo do Meio,25
311150 Campos Altos,38
311160 Campos Gerais,51
311180 Can�polis,25
311200 Candeias,22
311230 Capelinha,55
311260 Capin�polis,19
311270 Capit�o En�as,20
311280 Capit�lio,22
311300 Cara�,42
311320 Caranda�,47
311330 Carangola,213
311340 Caratinga,207
311350 Carbonita,21
311360 Carea�u,20
311370 Carlos Chagas,46
311380 Carm�sia,10
311390 Carmo da Cachoeira,37
311400 Carmo da Mata,26
311410 Carmo de Minas,49
311430 Carmo do Parana�ba,48
311440 Carmo do Rio Claro,30
311450 Carm�polis de Minas,38
311460 Carrancas,19
311510 C�ssia,50
311530 Cataguases,121
311550 Caxambu,30
311570 Central de Minas,22
311580 Centralina,19
311615 Chapada Ga�cha,17
311630 Cipot�nea,14
311660 Cl�udio,45
311680 Coluna,38
311710 Concei��o da Aparecida,19
311730 Concei��o das Alagoas,22
311750 Concei��o do Mato Dentro,42
311770 Concei��o do Rio Verde,32
311800 Congonhas,65
311820 Conquista,15
311830 Conselheiro Lafaiete,255
311840 Conselheiro Pena,50
311860 Contagem,560
311880 Cora��o de Jesus,33
311930 Coromandel,31
311940 Coronel Fabriciano,113
312020 Cristais,19
312050 Cristina,24
312080 Cruz�lia,66
312090 Curvelo,180
312100 Datas,21
312120 Delfin�polis,19
312160 Diamantina,185
312180 Dion�sio,9
312200 Divino,42
312210 Divino das Laranjeiras,21
312230 Divin�polis,675
312235 Divisa Alegre,1
312240 Divisa Nova,7
312260 Dom Joaquim,19
312270 Dom Silv�rio,27
312320 Dores do Indai�,40
312360 El�i Mendes,36
312390 Entre Rios de Minas,49
312400 Erv�lia,22
312410 Esmeraldas,40
312420 Espera Feliz,47
312430 Espinosa,40
312450 Estiva,25
312470 Estrela do Indai�,21
312480 Estrela do Sul,4
312490 Eugen�polis,30
312510 Extrema,38
312560 Felisburgo,42
312590 Ferros,25
312595 Fervedouro,19
312610 Formiga,85
312620 Formoso,10
312650 Francisco Badar�,11
312670 Francisco S�,50
312690 Frei Inoc�ncio,16
312710 Frutal,80
312760 Gouveia,26
312770 Governador Valadares,584
312780 Gr�o Mogol,48
312800 Guanh�es,88
312810 Guap�,29
312820 Guaraciaba,23
312830 Guaran�sia,39
312860 Guarda-Mor,16
312870 Guaxup�,93
312910 Gurinhat�,10
312940 Ibertioga,48
312950 Ibi�,40
312970 Ibiraci,12
312980 Ibirit�,113
313030 Iguatama,28
313050 Ilic�nea,30
313090 Inhapim,48
313120 Ipanema,50
313130 Ipatinga,592
313150 Ipui�na,18
313170 Itabira,260
313180 Itabirinha,20
313190 Itabirito,70
313210 Itacarambi,41
313220 Itaguara,45
313230 Itaip�,28
313240 Itajub�,176
313250 Itamarandiba,91
313270 Itambacuri,86
313290 Itamogi,24
313300 Itamonte,47
313310 Itanhandu,75
313320 Itanhomi,20
313330 Itaobim,62
313350 Itapecerica,54
313375 Ita� de Minas,34
313380 Ita�na,108
313420 Ituiutaba,220
313440 Iturama,79
313460 Jaboticatubas,31
313470 Jacinto,38
313480 Jacu�,12
313490 Jacutinga,37
313505 Ja�ba,25
313510 Jana�ba,151
313520 Janu�ria,66
313540 Jeceaba,34
313580 Jequitinhonha,81
313600 Joa�ma,33
313620 Jo�o Monlevade,125
313630 Jo�o Pinheiro,65
313650 Jord�nia,27
313665 Juatuba,14
313670 Juiz de Fora,2371
313690 Juruaia,14
313700 Ladainha,21
313710 Lagamar,9
313720 Lagoa da Prata,54
313750 Lagoa Formosa,19
313760 Lagoa Santa,77
313770 Lajinha,50
313780 Lambari,50
313790 Lamim,8
313800 Laranjal,23
313820 Lavras,272
313840 Leopoldina,97
313860 Lima Duarte,35
313880 Luz,44
313890 Machacalis,44
313900 Machado,56
313920 Malacacheta,25
313930 Manga,38
313940 Manhua�u,228
313950 Manhumirim,68
313960 Mantena,82
313980 Mar de Espanha,38
313990 Maria da F�,16
314000 Mariana,67
314050 Martinho Campos,18
314070 Mateus Leme,62
314090 Matip�,41
314100 Mato Verde,4
314110 Matozinhos,62
314120 Matutina,10
314140 Medina,56
314150 Mendes Pimentel,18
314160 Merc�s,20
314180 Minas Novas,61
314190 Minduri,20
314200 Mirabela,30
314220 Mira�,48
314240 Moema,13
314260 Monsenhor Paulo,44
314270 Montalv�nia,30
314280 Monte Alegre de Minas,22
314290 Monte Azul,39
314300 Monte Belo,18
314310 Monte Carmelo,191
314320 Monte Santo de Minas,50
314330 Montes Claros,890
314350 Morada Nova de Minas,20
314390 Muria�,546
314400 Mutum,50
314410 Muzambinho,50
314430 Nanuque,66
314450 Nazareno,15
314460 Nepomuceno,34
314470 Nova Era,43
314480 Nova Lima,249
314500 Nova Ponte,23
314510 Nova Resende,18
314520 Nova Serrana,82
314530 Novo Cruzeiro,39
314560 Oliveira,115
314590 Ouro Branco,103
314600 Ouro Fino,50
314610 Ouro Preto,160
314630 Padre Para�so,40
314650 Pains,18
314670 Palma,28
314710 Par� de Minas,116
314700 Paracatu,245
314720 Paragua�u,33
314730 Parais�polis,34
314760 Passa Quatro,49
314770 Passa Tempo,30
314750 Passab�m,17
314790 Passos,345
314800 Patos de Minas,347
314810 Patroc�nio,166
314860 Pe�anha,34
314870 Pedra Azul,65
314910 Pedralva,17
314920 Pedrin�polis,14
314930 Pedro Leopoldo,59
314980 Perdizes,28
314990 Perd�es,50
315030 Piedade do Rio Grande,14
315050 Pimenta,12
315080 Piranga,31
315110 Pirapetinga,32
315120 Pirapora,141
315140 Pitangui,56
315150 Piumhi,90
315160 Planura,6
315170 Po�o Fundo,49
315180 Po�os de Caldas,486
315190 Pocrane,18
315200 Pomp�u,32
315210 Ponte Nova,225
315220 Porteirinha,46
315240 Pot�,33
315250 Pouso Alegre,390
315260 Pouso Alto,27
315270 Prados,30
315280 Prata,30
315290 Prat�polis,16
315300 Pratinha,2
315310 Presidente Bernardes,18
315340 Presidente Oleg�rio,18
315400 Raul Soares,56
315410 Recreio,34
315420 Resende Costa,49
315430 Resplendor,65
315460 Ribeir�o das Neves,132
315470 Ribeir�o Vermelho,12
315490 Rio Casca,40
315520 Rio Espera,18
315540 Rio Novo,39
315550 Rio Parana�ba,19
315560 Rio Pardo de Minas,40
315570 Rio Piracicaba,38
315580 Rio Pomba,61
315590 Rio Preto,17
315600 Rio Vermelho,32
315660 Rubim,35
315670 Sabar�,113
315680 Sabin�polis,42
315690 Sacramento,51
315700 Salinas,113
315710 Salto da Divisa,15
315720 Santa B�rbara,53
315770 Santa Juliana,30
315780 Santa Luzia,119
315790 Santa Margarida,31
315800 Santa Maria de Itabira,13
315810 Santa Maria do Salto,6
315820 Santa Maria do Sua�u�,41
315920 Santa Rita de Caldas,43
315930 Santa Rita de Jacutinga,18
315960 Santa Rita do Sapuca�,48
315980 Santa Vit�ria,32
315990 Santo Ant�nio do Amparo,40
316030 Santo Ant�nio do Jacinto,8
316040 Santo Ant�nio do Monte,50
316070 Santos Dumont,75
316100 S�o Domingos do Prata,40
316110 S�o Francisco,55
312550 S�o Gon�alo do Rio Preto,8
316200 S�o Gon�alo do Sapuca�,47
316210 S�o Gotardo,45
316220 S�o Jo�o Batista do Gl�ria,23
316240 S�o Jo�o da Ponte,31
316250 S�o Jo�o del Rei,227
316270 S�o Jo�o do Para�so,48
316280 S�o Jo�o Evangelista,52
316290 S�o Jo�o Nepomuceno,47
316292 S�o Joaquim de Bicas,21
316370 S�o Louren�o,108
316390 S�o Pedro da Uni�o,8
316420 S�o Rom�o,18
316430 S�o Roque de Minas,10
316470 S�o Sebasti�o do Para�so,334
316500 S�o Tiago,45
316510 S�o Tom�s de Aquino,1
316530 S�o Vicente de Minas,30
316570 Senador Firmino,20
316680 Serra do Salitre,13
316690 Serrania,14
316710 Serro,56
316720 Sete Lagoas,339
316800 Taiobeiras,81
316840 Tarumirim,52
316850 Teixeiras,15
316860 Te�filo Otoni,308
316870 Tim�teo,69
316890 Tiros,14
316920 Tombos,50
316930 Tr�s Cora��es,134
316935 Tr�s Marias,32
316940 Tr�s Pontas,126
316970 Turmalina,56
316990 Ub�,303
317005 Ubaporanga,2
317010 Uberaba,924
317020 Uberl�ndia,1351
317040 Una�,148
317043 Uni�o de Minas,34
317052 Urucuia,30
317070 Varginha,326
317080 V�rzea da Palma,59
317090 Varzel�ndia,23
317100 Vazante,47
317120 Vespasiano,83
317130 Vi�osa,239
317160 Virgem da Lapa,39
317170 Virg�nia,27
317180 Virgin�polis,49
317200 Visconde do Rio Branco,82
320010 Afonso Cl�udio,58
320020 Alegre,50
320040 Anchieta,365
320050 Apiac�,16
320060 Aracruz,160
320070 Atilio Vivacqua,10
320080 Baixo Guandu,51
320090 Barra de S�o Francisco,86
320100 Boa Esperan�a,39
320120 Cachoeiro de Itapemirim,546
320130 Cariacica,333
320140 Castelo,53
320150 Colatina,468
320160 Concei��o da Barra,16
320170 Concei��o do Castelo,20
320190 Domingos Martins,102
320210 Ecoporanga,56
320220 Fund�o,71
320230 Gua�u�,91
320240 Guarapari,59
320245 Ibatiba,50
320260 Iconha,24
320280 Itapemirim,106
320290 Itarana,38
320300 I�na,66
320305 Jaguar�,22
320310 Jer�nimo Monteiro,26
320313 Jo�o Neiva,51
320316 Laranja da Terra,23
320320 Linhares,253
320332 Marata�zes,94
320340 Mimoso do Sul,53
320350 Montanha,35
320360 Mucurici,19
320370 Muniz Freire,35
320380 Muqui,42
320390 Nova Ven�cia,61
320400 Pancas,15
320405 Pedro Can�rio,36
320410 Pinheiros,32
320420 Pi�ma,68
320435 Rio Bananal,26
320450 Santa Leopoldina,25
320455 Santa Maria de Jetib�,59
320460 Santa Teresa,69
320470 S�o Gabriel da Palha,142
320480 S�o Jos� do Cal�ado,77
320490 S�o Mateus,298
320500 Serra,675
320503 Vargem Alta,30
320506 Venda Nova do Imigrante,101
320520 Vila Velha,1044
320530 Vit�ria,1744
330010 Angra dos Reis,358
330015 Aperib�,35
330020 Araruama,147
330022 Areal,21
330023 Arma��o dos B�zios,48
330025 Arraial do Cabo,79
330030 Barra do Pira�,280
330040 Barra Mansa,308
330045 Belford Roxo,347
330050 Bom Jardim,65
330060 Bom Jesus do Itabapoana,171
330070 Cabo Frio,587
330080 Cachoeiras de Macacu,103
330090 Cambuci,44
330100 Campos dos Goytacazes,1706
330110 Cantagalo,83
330093 Carapebus,20
330120 Carmo,38
330130 Casimiro de Abreu,75
330140 Concei��o de Macabu,24
330150 Cordeiro,50
330160 Duas Barras,30
330170 Duque de Caxias,1193
330180 Engenheiro Paulo de Frontin,29
330185 Guapimirim,137
330190 Itabora�,307
330200 Itagua�,102
330210 Itaocara,68
330220 Itaperuna,383
330225 Itatiaia,36
330230 Laje do Muria�,30
330240 Maca�,483
330250 Mag�,177
330260 Mangaratiba,72
330270 Maric�,257
330280 Mendes,45
330285 Mesquita,176
330290 Miguel Pereira,66
330300 Miracema,71
330310 Natividade,50
330320 Nil�polis,137
330330 Niter�i,2066
330340 Nova Friburgo,678
330350 Nova Igua�u,956
330360 Paracambi,82
330370 Para�ba do Sul,123
330380 Paraty,83
330390 Petr�polis,1817
330395 Pinheiral,31
330400 Pira�,57
330410 Porci�ncula,1
330411 Porto Real,45
330412 Quatis,33
330414 Queimados,77
330415 Quissam�,85
330420 Resende,362
330430 Rio Bonito,147
330440 Rio Claro,41
330450 Rio das Flores,21
330452 Rio das Ostras,102
330455 Rio de Janeiro,14888
330460 Santa Maria Madalena,23
330470 Santo Ant�nio de P�dua,192
330480 S�o Fid�lis,111
330475 S�o Francisco de Itabapoana,33
330490 S�o Gon�alo,1581
330500 S�o Jo�o da Barra,60
330510 S�o Jo�o de Meriti,136
330515 S�o Jos� do Vale do Rio Preto,57
330520 S�o Pedro da Aldeia,69
330530 S�o Sebasti�o do Alto,48
330540 Sapucaia,4
330550 Saquarema,116
330555 Serop�dica,27
330560 Silva Jardim,40
330570 Sumidouro,25
330575 Tangu�,214
330580 Teres�polis,395
330590 Trajano de Moraes,38
330600 Tr�s Rios,258
330610 Valen�a,318
330615 Varre-Sai,38
330620 Vassouras,457
330630 Volta Redonda,978
350010 Adamantina,235
350050 �guas de Lind�ia,42
350070 Agudos,60
350100 Altin�polis,31
350110 Alto Alegre,22
350130 �lvares Machado,20
350160 Americana,525
350170 Am�rico Brasiliense,193
350190 Amparo,392
350210 Andradina,127
350220 Angatuba,57
350250 Aparecida,104
350260 Aparecida d'Oeste,14
350270 Apia�,51
350280 Ara�atuba,394
350290 Ara�oiaba da Serra,321
350310 Arandu,12
350320 Araraquara,444
350330 Araras,503
350340 Arealva,29
350380 Artur Nogueira,36
350390 Aruj�,30
350400 Assis,288
350410 Atibaia,192
350420 Auriflama,44
350450 Avar�,159
350490 Bananal,15
350520 Bariri,51
350530 Barra Bonita,91
350550 Barretos,503
350570 Barueri,476
350580 Bastos,35
350590 Batatais,133
350600 Bauru,1290
350610 Bebedouro,133
350630 Bernardino de Campos,23
350635 Bertioga,49
350640 Bilac,36
350650 Birigui,146
350670 Boa Esperan�a do Sul,11
350680 Bocaina,35
350700 Boituva,48
350710 Bom Jesus dos Perd�es,11
350740 Borborema,26
350750 Botucatu,714
350760 Bragan�a Paulista,397
350790 Brotas,41
350810 Buritama,36
350840 Cabre�va,22
350850 Ca�apava,178
350860 Cachoeira Paulista,21
350870 Caconde,62
350880 Cafel�ndia,48
350900 Caieiras,151
350920 Cajamar,171
350930 Cajobi,32
350940 Cajuru,140
350950 Campinas,2679
350960 Campo Limpo Paulista,68
350970 Campos do Jord�o,201
351000 C�ndido Mota,30
351020 Cap�o Bonito,50
351030 Capela do Alto,59
351040 Capivari,106
351050 Caraguatatuba,336
351060 Carapicu�ba,297
351070 Cardoso,31
351080 Casa Branca,372
351100 Castilho,31
351110 Catanduva,610
351130 Cedral,50
351140 Cerqueira C�sar,39
351150 Cerquilho,52
351160 Ces�rio Lange,22
351170 Charqueada,33
355720 Chavantes,50
351190 Clementina,24
351200 Colina,47
351210 Col�mbia,20
351220 Conchal,52
351230 Conchas,12
351260 Coronel Macedo,6
351280 Cosm�polis,65
351300 Cotia,466
351310 Cravinhos,15
351340 Cruzeiro,157
351350 Cubat�o,130
351360 Cunha,40
351370 Descalvado,58
351380 Diadema,620
351390 Divinol�ndia,194
351410 Dois C�rregos,67
351430 Dourado,14
351440 Dracena,143
351450 Duartina,87
351480 Eldorado,2
351490 Elias Fausto,6
351500 Embu das Artes,284
351510 Embu-Gua�u,17
351518 Esp�rito Santo do Pinhal,453
351520 Estrela d'Oeste,37
351540 Fartura,20
351550 Fernand�polis,135
351570 Ferraz de Vasconcelos,209
351600 Fl�rida Paulista,47
351620 Franca,757
351630 Francisco Morato,164
351640 Franco da Rocha,701
351660 G�lia,45
351670 Gar�a,280
351690 General Salgado,28
351700 Getulina,48
351740 Gua�ra,61
351760 Guapiara,27
351770 Guar�,48
351780 Guara�a�,23
351820 Guararapes,74
351830 Guararema,35
351840 Guaratinguet�,265
351860 Guariba,66
351870 Guaruj�,435
351880 Guarulhos,2101
351900 Hercul�ndia,58
351907 Hortol�ndia,100
351910 Iacanga,30
351930 Ibat�,27
351940 Ibir�,27
351960 Ibitinga,103
351970 Ibi�na,223
351990 Iep�,18
352010 Igarapava,60
352020 Igarat�,8
352030 Iguape,9
352044 Ilha Solteira,116
352040 Ilhabela,65
352050 Indaiatuba,350
352070 Indiapor�,36
352090 Ipaussu,49
352100 Iper�,15
352130 Ipu�,49
352140 Iracem�polis,3
352170 Itaber�,19
352180 Ita�,35
352190 Itajobi,50
352210 Itanha�m,131
352220 Itapecerica da Serra,589
352230 Itapetininga,152
352240 Itapeva,134
352250 Itapevi,344
352260 Itapira,1015
352270 It�polis,65
352280 Itaporanga,46
352290 Itapu�,30
352310 Itaquaquecetuba,229
352320 Itarar�,81
352340 Itatiba,120
352350 Itatinga,14
352360 Itirapina,23
352390 Itu,419
352400 Itupeva,109
352410 Ituverava,120
352420 Jaborandi,17
352430 Jaboticabal,212
352440 Jacare�,403
352450 Jaci,216
352470 Jaguari�na,80
352480 Jales,151
352500 Jandira,25
352520 Jarinu,29
352530 Ja�,895
352550 Joan�polis,11
352570 Jos� Bonif�cio,53
352590 Jundia�,796
352600 Junqueir�polis,52
352620 Juquitiba,11
352640 Laranjal Paulista,46
352670 Leme,122
352680 Len��is Paulista,88
352690 Limeira,393
352710 Lins,428
352720 Lorena,175
352730 Louveira,82
352740 Luc�lia,32
352770 Luizi�nia,3
352800 Macatuba,31
352810 Macaubal,18
352850 Mairipor�,77
352880 Maraca�,26
352900 Mar�lia,867
352920 Martin�polis,45
352930 Mat�o,162
352940 Mau�,432
352970 Miguel�polis,66
352980 Mineiros do Tiet�,11
353010 Mirand�polis,68
353030 Mirassol,81
353050 Mococa,135
353060 Mogi das Cruzes,1077
353070 Mogi Gua�u,409
353080 Mogi Mirim,213
353110 Mongagu�,36
353130 Monte Alto,109
353140 Monte Apraz�vel,80
353150 Monte Azul Paulista,70
353180 Monte Mor,35
353190 Morro Agudo,45
353200 Morungaba,19
353240 Nazar� Paulista,20
353250 Neves Paulista,21
353260 Nhandeara,129
353290 Nova Europa,12
353300 Nova Granada,62
353340 Nova Odessa,65
353350 Novo Horizonte,105
353390 Ol�mpia,79
353430 Orl�ndia,98
353440 Osasco,970
353460 Osvaldo Cruz,71
353470 Ourinhos,186
353475 Ouroeste,33
353490 Pacaembu,37
353520 Palmeira d'Oeste,20
353530 Palmital,41
353540 Panorama,36
353550 Paragua�u Paulista,97
353580 Paranapanema,13
353600 Parapu�,32
353620 Pariquera-A�u,166
353630 Patroc�nio Paulista,35
353650 Paul�nia,97
353660 Paulo de Faria,24
353670 Pederneiras,72
353700 Pedregulho,64
353710 Pedreira,98
353730 Pen�polis,171
353740 Pereira Barreto,52
353760 Peru�be,14
353780 Piedade,60
353790 Pilar do Sul,35
353800 Pindamonhangaba,269
353860 Piracaia,37
353870 Piracicaba,684
353880 Piraju,77
353890 Piraju�,299
353900 Pirangi,41
353930 Pirassununga,151
353940 Piratininga,28
353950 Pitangueiras,50
353980 Po�,55
354000 Pomp�ia,18
354020 Pontal,45
354040 Populina,18
354060 Porto Feliz,60
354070 Porto Ferreira,65
354080 Potirendaba,31
354100 Praia Grande,500
354120 Presidente Bernardes,51
354130 Presidente Epit�cio,78
354140 Presidente Prudente,1127
354150 Presidente Venceslau,96
354160 Promiss�o,37
354190 Queluz,19
354220 Rancharia,103
354240 Regente Feij�,16
354260 Registro,197
354290 Ribeir�o Bonito,17
354300 Ribeir�o Branco,36
354330 Ribeir�o Pires,198
354340 Ribeir�o Preto,2203
354380 Rin�polis,23
354390 Rio Claro,391
354400 Rio das Pedras,36
354420 Riol�ndia,36
354425 Rosana,57
354430 Roseira,54
354490 Sales Oliveira,30
354500 Sales�polis,19
354520 Salto,134
354530 Salto de Pirapora,48
354540 Salto Grande,34
354560 Santa Ad�lia,24
354580 Santa B�rbara d'Oeste,207
354630 Santa Cruz das Palmeiras,35
354640 Santa Cruz do Rio Pardo,96
354660 Santa F� do Sul,82
354680 Santa Isabel,106
354690 Santa L�cia,8
354700 Santa Maria da Serra,6
354750 Santa Rita do Passa Quatro,316
354760 Santa Rosa de Viterbo,32
354730 Santana de Parna�ba,169
354770 Santo Anast�cio,56
354780 Santo Andr�,1923
354790 Santo Ant�nio da Alegria,19
354850 Santos,1999
354860 S�o Bento do Sapuca�,40
354870 S�o Bernardo do Campo,1908
354880 S�o Caetano do Sul,841
354890 S�o Carlos,453
354910 S�o Jo�o da Boa Vista,199
354940 S�o Joaquim da Barra,135
354970 S�o Jos� do Rio Pardo,136
354980 S�o Jos� do Rio Preto,2090
354990 S�o Jos� dos Campos,1622
355000 S�o Lu�s do Paraitinga,25
355010 S�o Manuel,26
355020 S�o Miguel Arcanjo,48
355030 S�o Paulo,28987
355040 S�o Pedro,88
355060 S�o Roque,127
355070 S�o Sebasti�o,357
355080 S�o Sebasti�o da Grama,30
355090 S�o Sim�o,40
355100 S�o Vicente,257
355160 Serra Negra,49
355150 Serrana,125
355170 Sert�ozinho,162
355200 Silveiras,2
355210 Socorro,70
355220 Sorocaba,1455
355230 Sud Mennucci,22
355240 Sumar�,177
355250 Suzano,221
355260 Tabapu�,30
355270 Tabatinga,35
355280 Tabo�o da Serra,579
355300 Tagua�,29
355320 Tai�va,4
355330 Tamba�,42
355340 Tanabi,72
355360 Tapiratiba,16
355370 Taquaritinga,124
355380 Taquarituba,49
355400 Tatu�,105
355410 Taubat�,552
355430 Teodoro Sampaio,58
355440 Terra Roxa,34
355450 Tiet�,57
355470 Torrinha,20
355500 Tup�,446
355510 Tupi Paulista,48
355540 Ubatuba,92
355580 Ur�nia,26
355600 Urup�s,34
355620 Valinhos,142
355630 Valpara�so,55
355640 Vargem Grande do Sul,58
355645 Vargem Grande Paulista,70
355650 V�rzea Paulista,39
355660 Vera Cruz,72
355670 Vinhedo,85
355680 Viradouro,48
355700 Votorantim,237
355710 Votuporanga,205
410010 Abati�,22
410020 Adrian�polis,3
410030 Agudos do Sul,8
410045 Altamira do Paran�,19
410060 Alto Paran�,20
410050 Alt�nia,39
410080 Alvorada do Sul,16
410090 Amapor�,13
410100 Amp�re,34
410110 Andir�,62
410120 Antonina,31
410130 Ant�nio Olinto,2
410140 Apucarana,262
410150 Arapongas,428
410160 Arapoti,13
410170 Araruna,56
410180 Arauc�ria,117
410190 Assa�,49
410200 Assis Chateaubriand,82
410210 Astorga,84
410220 Atalaia,10
410240 Bandeirantes,150
410250 Barbosa Ferraz,29
410280 Bela Vista do Para�so,23
410290 Bituruna,43
410300 Boa Esperan�a,10
410305 Boa Vista da Aparecida,20
410310 Bocai�va do Sul,11
410320 Bom Sucesso,29
410330 Borraz�polis,26
410360 Cambar�,100
410370 Camb�,100
410390 Campina da Lagoa,50
410400 Campina Grande do Sul,356
410420 Campo Largo,1094
410430 Campo Mour�o,258
410440 C�ndido de Abreu,31
410442 Cand�i,39
410450 Capanema,38
410460 Capit�o Le�nidas Marques,34
410470 Carl�polis,21
410480 Cascavel,996
410490 Castro,119
410510 Centen�rio do Sul,25
410520 Cerro Azul,26
410530 C�u Azul,36
410540 Chopinzinho,77
410550 Cianorte,155
410560 Cidade Ga�cha,16
410570 Clevel�ndia,56
410580 Colombo,119
410590 Colorado,101
410600 Congonhinhas,24
410610 Conselheiro Mairinck,20
410620 Contenda,16
410630 Corb�lia,85
410640 Corn�lio Proc�pio,216
410650 Coronel Vivida,67
410680 Cruz Machado,35
410660 Cruzeiro do Oeste,32
410670 Cruzeiro do Sul,11
410690 Curitiba,5846
410700 Curi�va,19
410715 Diamante D'Oeste,15
410710 Diamante do Norte,19
410720 Dois Vizinhos,106
410750 Engenheiro Beltr�o,36
410753 Entre Rios do Oeste,30
410760 Faxinal,30
410765 Fazenda Rio Grande,35
410775 Figueira,31
410800 Florest�polis,22
410820 Formosa do Oeste,38
410830 Foz do Igua�u,436
410832 Francisco Alves,10
410840 Francisco Beltr�o,263
410855 Godoy Moreira,10
410860 Goioer�,105
410870 Grandes Rios,26
410880 Gua�ra,69
410890 Guaira��,16
410900 Guapirama,15
410930 Guarania�u,88
410940 Guarapuava,389
410950 Guaraque�aba,14
410960 Guaratuba,50
410970 Ibaiti,51
410975 Ibema,33
410980 Ibipor�,127
411030 Inaj�,11
411040 Indian�polis,16
411050 Ipiranga,18
411060 Ipor�,31
411070 Irati,173
411080 Iretama,31
411090 Itaguaj�,19
411095 Itaipul�ndia,25
411100 Itambarac�,21
411110 Itamb�,16
411125 Itaperu�u,37
411130 Ita�na do Sul,17
411140 Iva�,18
411150 Ivaipor�,253
411170 Jaboti,18
411180 Jacarezinho,117
411190 Jaguapit�,28
411200 Jaguaria�va,79
411210 Jandaia do Sul,349
411230 Japira,3
411240 Japur�,18
411250 Jardim Alegre,23
411270 Jataizinho,19
411275 Jesu�tas,34
411280 Joaquim T�vora,31
411290 Jundia� do Sul,14
411300 Jussara,19
411310 Kalor�,23
411320 Lapa,144
411330 Laranjeiras do Sul,115
411345 Lindoeste,20
411350 Loanda,119
411370 Londrina,1930
411375 Lunardelli,29
411380 Lupion�polis,16
411390 Mallet,39
411400 Mambor�,11
411410 Mandagua�u,55
411420 Mandaguari,109
411430 Mandirituba,48
411440 Mangueirinha,57
411450 Manoel Ribas,24
411460 Marechal C�ndido Rondon,152
411500 Marilena,23
411520 Maring�,1668
411535 Marip�,2
411540 Marmeleiro,12
411550 Marumbi,21
411560 Matel�ndia,48
411570 Matinhos,12
411580 Medianeira,192
411600 Miraselva,10
411605 Missal,41
411620 Morretes,22
411670 Nova Aurora,49
411680 Nova Cantu,22
411690 Nova Esperan�a,29
411695 Nova Esperan�a do Sudoeste,12
411700 Nova F�tima,16
411710 Nova Londrina,33
411720 Nova Ol�mpia,16
411722 Nova Santa Rosa,11
411727 Nova Tebas,48
411730 Ortigueira,30
411750 Pai�andu,26
411760 Palmas,91
411770 Palmeira,93
411790 Palotina,54
411800 Para�so do Norte,42
411820 Paranagu�,179
411830 Paranapoema,15
411840 Paranava�,167
411845 Pato Bragado,17
411850 Pato Branco,267
411870 Paulo Frontin,12
411890 P�rola,19
411910 Pi�n,50
411915 Pinhais,287
411920 Pinhal�o,27
411930 Pinh�o,91
411940 Pira� do Sul,20
411950 Piraquara,658
411960 Pitanga,97
411970 Planaltina do Paran�,15
411980 Planalto,42
411990 Ponta Grossa,715
412000 Porecatu,31
412020 Porto Rico,10
412033 Prado Ferreira,20
412035 Pranchita,48
412060 Prudent�polis,127
412070 Quatigu�,28
412090 Quedas do Igua�u,38
412100 Quer�ncia do Norte,26
412120 Quitandinha,25
412130 Rancho Alegre,16
412150 Rebou�as,56
412170 Reserva,39
412180 Ribeir�o Claro,54
412190 Ribeir�o do Pinhal,49
412200 Rio Azul,55
412220 Rio Branco do Sul,30
412230 Rio Negro,30
412240 Rol�ndia,213
412250 Roncador,31
412260 Rondon,31
412265 Ros�rio do Iva�,25
412290 Salto do Itarar�,20
412310 Santa Am�lia,15
412350 Santa Helena,53
412370 Santa Isabel do Iva�,27
412380 Santa Izabel do Oeste,32
412385 Santa Maria do Oeste,41
412390 Santa Mariana,36
412400 Santana do Itarar�,20
412410 Santo Ant�nio da Platina,155
412420 Santo Ant�nio do Caiu�,10
412430 Santo Ant�nio do Para�so,6
412440 Santo Ant�nio do Sudoeste,30
412460 S�o Carlos do Iva�,16
412470 S�o Jer�nimo da Serra,20
412490 S�o Jo�o do Caiu�,17
412500 S�o Jo�o do Iva�,20
412510 S�o Jo�o do Triunfo,25
412520 S�o Jorge d'Oeste,29
412535 S�o Jorge do Patroc�nio,22
412540 S�o Jos� da Boa Vista,18
412545 S�o Jos� das Palmeiras,22
412550 S�o Jos� dos Pinhais,169
412560 S�o Mateus do Sul,50
412570 S�o Miguel do Igua�u,254
412580 S�o Pedro do Iva�,25
412600 S�o Sebasti�o da Amoreira,25
412620 Sapopema,31
412625 Sarandi,167
412630 Seng�s,1
412640 Sertaneja,23
412650 Sertan�polis,16
412660 Siqueira Campos,54
412667 Tamarana,16
412670 Tamboara,9
412700 Teixeira Soares,17
412710 Tel�maco Borba,198
412720 Terra Boa,61
412730 Terra Rica,29
412740 Terra Roxa,21
412750 Tibagi,30
412760 Tijucas do Sul,16
412770 Toledo,383
412780 Tomazina,66
412785 Tr�s Barras do Paran�,34
412788 Tunas do Paran�,6
412790 Tuneiras do Oeste,23
412795 Tup�ssi,23
412796 Turvo,53
412800 Ubirat�,106
412810 Umuarama,687
412820 Uni�o da Vit�ria,250
412840 Ura�,48
412855 Vera Cruz do Oeste,27
412860 Ver�,20
412850 Wenceslau Braz,33
420010 Abelardo Luz,42
420040 �gua Doce,31
420070 Alfredo Wagner,24
420090 Angelina,66
420100 Anita Garibaldi,38
420110 Anit�polis,45
420127 Arabut�,21
420140 Ararangu�,117
420150 Armaz�m,43
420160 Arroio Trinta,21
420190 Aurora,14
420200 Balne�rio Cambori�,288
420220 Benedito Novo,2
420230 Bigua�u,79
420240 Blumenau,696
420250 Bom Jardim da Serra,14
420260 Bom Retiro,50
420245 Bombinhas,4
420280 Bra�o do Norte,68
420290 Brusque,270
420300 Ca�ador,106
420310 Caibi,27
420320 Cambori�,157
420330 Campo Alegre,32
420350 Campo Er�,50
420360 Campos Novos,100
420370 Canelinha,20
420380 Canoinhas,65
420390 Capinzal,63
420400 Catanduvas,33
420410 Caxambu do Sul,27
420420 Chapec�,406
420430 Conc�rdia,168
420440 Coronel Freitas,30
420455 Correia Pinto,33
420460 Crici�ma,469
420470 Cunha Por�,45
420480 Curitibanos,136
420490 Descanso,60
420500 Dion�sio Cerqueira,42
420530 Faxinal dos Guedes,34
420540 Florian�polis,1583
420550 Fraiburgo,51
420580 Garuva,20
420590 Gaspar,100
420630 Guabiruba,16
420640 Guaraciaba,36
420650 Guaramirim,50
420660 Guaruj� do Sul,19
420680 Ibicar�,30
420690 Ibirama,80
420700 I�ara,91
420730 Imbituba,60
420740 Imbuia,11
420750 Indaial,95
420760 Ipira,27
420765 Ipor� do Oeste,33
420770 Ipumirim,12
420780 Irani,45
420790 Irine�polis,19
420800 It�,39
420810 Itai�polis,21
420820 Itaja�,400
420830 Itapema,52
420840 Itapiranga,62
420845 Itapo�,1
420850 Ituporanga,60
420870 Jacinto Machado,45
420880 Jaguaruna,49
420890 Jaragu� do Sul,294
420900 Joa�aba,186
420910 Joinville,1207
420915 Jos� Boiteux,1
420930 Lages,374
420940 Laguna,98
420960 Lauro Muller,39
420970 Lebon R�gis,41
420985 Lind�ia do Sul,71
421000 Luiz Alves,39
421003 Luzerna,91
421010 Mafra,125
421030 Major Vieira,37
421050 Maravilha,81
421060 Massaranduba,21
421080 Meleiro,50
421090 Modelo,31
421100 Monda�,64
421105 Monte Carlo,16
421110 Monte Castelo,22
421120 Morro da Fuma�a,134
421130 Navegantes,39
421140 Nova Erechim,33
421150 Nova Trento,50
421160 Nova Veneza,49
421170 Orleans,52
421175 Otac�lio Costa,50
421190 Palho�a,42
421200 Palma Sola,36
421210 Palmitos,73
421220 Papanduva,35
421250 Penha,80
421260 Peritiba,32
421270 Petrol�ndia,16
421290 Pinhalzinho,42
421320 Pomerode,50
421330 Ponte Alta,26
421340 Ponte Serrada,77
421360 Porto Uni�o,99
421370 Pouso Redondo,41
421380 Praia Grande,50
421400 Presidente Get�lio,44
421420 Quilombo,47
421450 Rio do Campo,31
421480 Rio do Sul,258
421470 Rio dos Cedros,49
421490 Rio Fortuna,32
421500 Rio Negrinho,67
421510 Rodeio,30
421530 Salete,31
421540 Salto Veloso,15
421550 Santa Cec�lia,123
421570 Santo Amaro da Imperatriz,49
421580 S�o Bento do Sul,96
421590 S�o Bonif�cio,29
421600 S�o Carlos,67
421620 S�o Francisco do Sul,37
421630 S�o Jo�o Batista,30
421625 S�o Jo�o do Oeste,32
421650 S�o Joaquim,129
421660 S�o Jos�,872
421670 S�o Jos� do Cedro,33
421690 S�o Louren�o do Oeste,56
421710 S�o Martinho,16
421720 S�o Miguel do Oeste,119
421725 S�o Pedro de Alc�ntara,105
421730 Saudades,33
421750 Seara,52
421770 Sombrio,106
421780 Tai�,36
421790 Tangar�,23
421800 Tijucas,60
421810 Timb� do Sul,28
421820 Timb�,142
421830 Tr�s Barras,54
421840 Treze de Maio,41
421860 Trombudo Central,68
421870 Tubar�o,463
421875 Tun�polis,48
421880 Turvo,60
421890 Urubici,48
421900 Urussanga,90
421910 Varge�o,24
421920 Vidal Ramos,21
421930 Videira,135
421935 Vitor Meireles,17
421940 Witmarsum,21
421950 Xanxer�,151
421960 Xavantina,23
421970 Xaxim,34
430003 Acegu�,42
430010 Agudo,51
430020 Ajuricaba,49
430030 Alecrim,50
430040 Alegrete,172
430050 Alpestre,23
430060 Alvorada,97
430064 Ametista do Sul,28
430070 Anta Gorda,38
430080 Ant�nio Prado,51
430090 Aratiba,36
430100 Arroio do Meio,89
430120 Arroio do Tigre,76
430130 Arroio Grande,48
430140 Arvorezinha,60
430150 Augusto Pestana,55
430160 Bag�,270
430190 Barra do Ribeiro,41
430210 Bento Gon�alves,284
430220 Boa Vista do Buric�,40
430230 Bom Jesus,35
430235 Bom Princ�pio,43
430240 Bom Retiro do Sul,50
430245 Boqueir�o do Le�o,39
430270 Buti�,29
430280 Ca�apava do Sul,79
430290 Cacequi,36
430300 Cachoeira do Sul,235
430310 Cachoeirinha,133
430330 Caibat�,40
430340 Cai�ara,41
430350 Camaqu�,145
430360 Cambar� do Sul,32
430370 Campina das Miss�es,55
430380 Campinas do Sul,49
430390 Campo Bom,81
430400 Campo Novo,35
430420 Candel�ria,105
430430 C�ndido God�i,39
430440 Canela,53
430450 Cangu�u,104
430460 Canoas,918
430463 Cap�o da Canoa,91
430470 Carazinho,140
430480 Carlos Barbosa,72
430490 Casca,33
430510 Caxias do Sul,1356
430520 Cerro Largo,55
430530 Chapada,49
430535 Charqueadas,60
430540 Chiapetta,30
430570 Condor,17
430580 Constantina,23
430590 Coronel Bicaco,30
430600 Crissiumal,55
430610 Cruz Alta,253
430620 Cruzeiro do Sul,35
430630 David Canabarro,32
430640 Dois Irm�os,70
430645 Dois Lajeados,50
430650 Dom Feliciano,25
430660 Dom Pedrito,117
430680 Encantado,112
430690 Encruzilhada do Sul,50
430700 Erechim,289
430750 Espumoso,94
430755 Esta��o,42
430760 Est�ncia Velha,52
430770 Esteio,145
430780 Estrela,120
430790 Farroupilha,110
430800 Faxinal do Soturno,50
430810 Feliz,51
430820 Flores da Cunha,52
430840 Formigueiro,27
430845 Fortaleza dos Valos,24
430850 Frederico Westphalen,101
430860 Garibaldi,75
430870 Gaurama,31
430890 Get�lio Vargas,85
430900 Giru�,50
430910 Gramado,91
430920 Gravata�,191
430925 Guabiju,4
430930 Gua�ba,26
430940 Guapor�,73
430950 Guarani das Miss�es,45
430710 Herval,34
430960 Horizontina,58
430970 Humait�,32
431000 Ibirub�,41
431010 Igrejinha,95
431020 Iju�,323
431030 Il�polis,40
431050 Ira�,64
431053 Itaara,20
431060 Itaqui,79
431070 Itatiba do Sul,10
431075 Ivor�,24
431080 Ivoti,52
431085 Jaboticaba,50
431100 Jaguar�o,74
431110 Jaguari,51
431112 Jaquirana,10
431115 J�ia,3
431120 J�lio de Castilhos,67
431130 Lagoa Vermelha,71
431140 Lajeado,139
431150 Lavras do Sul,32
431180 Marau,104
431190 Marcelino Ramos,52
431205 Marques de Souza,40
431210 Mata,28
431220 Maximiliano de Almeida,39
431240 Montenegro,216
431245 Morro Redondo,19
431250 Mostardas,29
431260 Mu�um,31
431265 N�o-Me-Toque,101
431270 Nonoai,81
431290 Nova Bassano,54
431300 Nova Br�scia,37
431310 Nova Palma,52
431320 Nova Petr�polis,38
431330 Nova Prata,71
431340 Novo Hamburgo,459
431350 Os�rio,87
431360 Paim Filho,49
431365 Palmares do Sul,39
431370 Palmeira das Miss�es,107
431380 Palmitinho,50
431390 Panambi,70
431400 Para�,39
431402 Para�so do Sul,32
431405 Parob�,120
431410 Passo Fundo,1166
431420 Pedro Os�rio,50
431430 Peju�ara,16
431440 Pelotas,1135
431447 Pinhal Grande,30
431450 Pinheiro Machado,51
431460 Piratini,105
431470 Planalto,50
431480 Port�o,52
431490 Porto Alegre,6974
431500 Porto Lucena,50
431510 Porto Xavier,50
431515 Progresso,49
431520 Putinga,30
431530 Quara�,62
431535 Quinze de Novembro,19
431550 Restinga Seca,51
431560 Rio Grande,733
431570 Rio Pardo,97
431575 Riozinho,33
431580 Roca Sales,38
431590 Rodeio Bonito,51
431600 Rolante,52
431610 Ronda Alta,108
431620 Rondinha,32
431630 Roque Gonzales,35
431640 Ros�rio do Sul,96
431643 Saldanha Marinho,19
431645 Salto do Jacu�,32
431650 Salvador do Sul,32
431660 Sananduva,73
431710 Sant'Ana do Livramento,189
431670 Santa B�rbara do Sul,51
431680 Santa Cruz do Sul,362
431690 Santa Maria,926
431720 Santa Rosa,225
431730 Santa Vit�ria do Palmar,65
431740 Santiago,122
431750 Santo �ngelo,234
431760 Santo Ant�nio da Patrulha,82
431780 Santo Augusto,85
431790 Santo Cristo,56
431800 S�o Borja,118
431810 S�o Francisco de Assis,60
431820 S�o Francisco de Paula,59
431830 S�o Gabriel,198
431840 S�o Jer�nimo,100
431843 S�o Jo�o do Pol�sine,50
431850 S�o Jos� do Norte,53
431860 S�o Jos� do Ouro,53
431870 S�o Leopoldo,209
431880 S�o Louren�o do Sul,172
431890 S�o Luiz Gonzaga,122
431900 S�o Marcos,77
431910 S�o Martinho,39
431915 S�o Miguel das Miss�es,38
431930 S�o Paulo das Miss�es,36
431940 S�o Pedro do Sul,55
431950 S�o Sebasti�o do Ca�,91
431960 S�o Sep�,64
431980 S�o Vicente do Sul,41
431990 Sapiranga,122
432000 Sapucaia do Sul,132
432010 Sarandi,81
432020 Seberi,50
432026 Segredo,34
432030 Selbach,32
432040 Serafina Corr�a,55
432045 S�rio,10
432050 Sert�o,49
432060 Severiano de Almeida,31
432067 Sinimbu,48
432070 Sobradinho,107
432080 Soledade,118
432090 Tapejara,92
432100 Tapera,35
432110 Tapes,49
432120 Taquara,90
432130 Taquari,81
432140 Tenente Portela,131
432143 Terra de Areia,1
432145 Teut�nia,84
432150 Torres,66
432160 Tramanda�,94
432170 Tr�s Coroas,75
432180 Tr�s de Maio,69
432190 Tr�s Passos,104
432195 Trindade do Sul,48
432200 Triunfo,50
432210 Tucunduva,34
432220 Tupanciret�,73
432230 Tuparendi,37
432240 Uruguaiana,160
432250 Vacaria,153
432253 Vale do Sol,39
432260 Ven�ncio Aires,121
432270 Vera Cruz,49
432280 Veran�polis,63
432290 Viadutos,50
432300 Viam�o,347
500020 �gua Clara,17
500060 Amambai,88
500070 Anast�cio,32
500080 Anauril�ndia,12
500085 Ang�lica,27
500090 Ant�nio Jo�o,10
500100 Aparecida do Taboado,106
500110 Aquidauana,143
500124 Aral Moreira,9
500150 Bandeirantes,12
500190 Bataguassu,35
500210 Bela Vista,32
500215 Bodoquena,8
500220 Bonito,32
500230 Brasil�ndia,20
500240 Caarap�,39
500260 Camapu�,25
500270 Campo Grande,2276
500280 Caracol,8
500290 Cassil�ndia,59
500295 Chapad�o do Sul,76
500315 Coronel Sapucaia,9
500320 Corumb�,213
500325 Costa Rica,59
500330 Coxim,93
500345 Deod�polis,12
500348 Dois Irm�os do Buriti,19
500370 Dourados,623
500375 Eldorado,57
500380 F�tima do Sul,66
500390 Figueir�o,10
500400 Gl�ria de Dourados,12
500410 Guia Lopes da Laguna,26
500430 Iguatemi,38
500440 Inoc�ncia,9
500450 Itapor�,22
500460 Itaquira�,27
500470 Ivinhema,29
500500 Jardim,53
500510 Jate�,21
500515 Juti,9
500520 Lad�rio,10
500525 Laguna Carap�,6
500540 Maracaju,50
500560 Miranda,23
500568 Mundo Novo,48
500570 Navira�,68
500580 Nioaque,6
500600 Nova Alvorada do Sul,24
500620 Nova Andradina,97
500625 Novo Horizonte do Sul,17
500630 Parana�ba,187
500635 Paranhos,15
500640 Pedro Gomes,28
500660 Ponta Por�,157
500690 Porto Murtinho,16
500710 Ribas do Rio Pardo,16
500720 Rio Brilhante,66
500730 Rio Negro,21
500740 Rio Verde de Mato Grosso,29
500750 Rochedo,9
500755 Santa Rita do Pardo,8
500769 S�o Gabriel do Oeste,48
500770 Sete Quedas,18
500790 Sidrol�ndia,38
500793 Sonora,22
500795 Tacuru,8
500797 Taquarussu,6
500830 Tr�s Lagoas,190
500840 Vicentina,7
510020 �gua Boa,77
510025 Alta Floresta,141
510030 Alto Araguaia,98
510060 Alto Taquari,30
510080 Apiac�s,32
510100 Araguaiana,12
510125 Araputanga,19
510130 Aren�polis,10
510140 Aripuan�,33
510160 Bar�o de Melga�o,11
510170 Barra do Bugres,59
510180 Barra do Gar�as,108
510190 Brasnorte,31
510250 C�ceres,225
510260 Campin�polis,24
510263 Campo Novo do Parecis,32
510267 Campo Verde,67
510268 Campos de J�lio,16
510269 Canabrava do Norte,9
510270 Canarana,48
510279 Carlinda,1
510305 Cl�udia,23
510310 Cocalinho,16
510320 Col�der,121
510325 Colniza,31
510330 Comodoro,42
510335 Confresa,53
510337 Cotrigua�u,33
510340 Cuiab�,1897
510350 Diamantino,46
510360 Dom Aquino,20
510385 Ga�cha do Norte,17
510390 General Carneiro,15
510410 Guarant� do Norte,48
510420 Guiratinga,22
510455 Ita�ba,16
510460 Itiquira,35
510480 Jaciara,60
510500 Jauru,37
510510 Juara,65
510515 Ju�na,129
510517 Juruena,19
510520 Juscimeira,33
510525 Lucas do Rio Verde,101
510558 Marcel�ndia,11
510560 Matup�,44
510562 Mirassol d'Oeste,90
510590 Nobres,41
510610 Nossa Senhora do Livramento,16
510615 Nova Bandeirantes,15
510620 Nova Brasil�ndia,13
510618 Nova Lacerda,6
510885 Nova Maril�ndia,8
510890 Nova Maring�,6
510895 Nova Monte Verde,13
510622 Nova Mutum,37
510623 Nova Ol�mpia,50
510625 Nova Xavantina,34
510627 Novo Horizonte do Norte,15
510628 Novo S�o Joaquim,26
510629 Parana�ta,32
510630 Paranatinga,35
510637 Pedra Preta,31
510642 Peixoto de Azevedo,56
510650 Pocon�,64
510670 Ponte Branca,21
510675 Pontes e Lacerda,69
510677 Porto Alegre do Norte,18
510680 Porto dos Ga�chos,21
510700 Poxor�o,96
510704 Primavera do Leste,162
510706 Quer�ncia,31
510718 Ribeir�o Cascalheira,32
510719 Ribeir�ozinho,15
510720 Rio Branco,18
510760 Rondon�polis,576
510770 Ros�rio Oeste,63
510775 Salto do C�u,14
510777 Santa Terezinha,22
510780 Santo Ant�nio do Leverger,20
510785 S�o F�lix do Araguaia,40
510730 S�o Jos� do Rio Claro,22
510735 S�o Jos� do Xingu,8
510710 S�o Jos� dos Quatro Marcos,25
510787 Sapezal,53
510790 Sinop,266
510792 Sorriso,178
510794 Tabapor�,15
510795 Tangar� da Serra,200
510800 Tapurah,20
510805 Terra Nova do Norte,37
510810 Tesouro,14
510820 Torixor�u,23
510835 Vale de S�o Domingos,5
510840 V�rzea Grande,552
510550 Vila Bela da Sant�ssima Trindade,46
510860 Vila Rica,21
520010 Abadi�nia,9
520013 Acre�na,72
520017 �gua Fria de Goi�s,12
520025 �guas Lindas de Goi�s,231
520030 Alex�nia,34
520050 Alo�ndia,14
520060 Alto Para�so de Goi�s,17
520080 Alvorada do Norte,32
520085 Americano do Brasil,17
520090 Amorin�polis,13
520110 An�polis,1080
520130 Anicuns,20
520140 Aparecida de Goi�nia,1134
520150 Apor�,18
520160 Ara�u,17
520170 Aragar�as,53
520180 Aragoi�nia,9
520215 Araguapaz,10
520235 Aren�polis,17
520250 Aruan�,15
520280 Avelin�polis,12
520310 Baliza,6
520320 Barro Alto,22
520330 Bela Vista de Goi�s,29
520340 Bom Jardim de Goi�s,23
520350 Bom Jesus de Goi�s,25
520355 Bonfin�polis,2
520380 Brit�nia,24
520390 Buriti Alegre,32
520393 Buriti de Goi�s,14
520400 Cabeceiras,12
520410 Cachoeira Alta,26
520425 Cachoeira Dourada,18
520430 Ca�u,36
520440 Caiap�nia,53
520450 Caldas Novas,145
520470 Campinorte,16
520480 Campo Alegre de Goi�s,18
520490 Campos Belos,65
520500 Carmo do Rio Verde,17
520505 Castel�ndia,15
520510 Catal�o,216
520520 Catura�,18
520530 Cavalcante,16
520540 Ceres,332
520545 Cezarina,15
520547 Chapad�o do C�u,24
520549 Cidade Ocidental,61
520551 Cocalzinho de Goi�s,22
520552 Colinas do Sul,11
520570 C�rrego do Ouro,16
520580 Corumb� de Goi�s,25
520590 Corumba�ba,26
520620 Cristalina,58
520630 Cristian�polis,8
520640 Crix�s,86
520650 Crom�nia,11
520660 Cumari,14
520670 Damian�polis,13
520680 Damol�ndia,15
520710 Diorama,14
520830 Divin�polis de Goi�s,24
520725 Doverl�ndia,24
520735 Edealina,10
520740 Ed�ia,25
520750 Estrela do Norte,22
520753 Faina,19
520760 Fazenda Nova,16
520780 Firmin�polis,37
520790 Flores de Goi�s,7
520800 Formosa,138
520810 Formoso,25
520840 Goian�polis,18
520850 Goiandira,33
520860 Goian�sia,247
520870 Goi�nia,6624
520880 Goianira,86
520890 Goi�s,33
520910 Goiatuba,121
520960 Heitora�,10
520970 Hidrol�ndia,21
520980 Hidrolina,28
520990 Iaciara,16
520993 Inaciol�ndia,16
520995 Indiara,51
521000 Inhumas,100
521010 Ipameri,130
521020 Ipor�,114
521030 Israel�ndia,7
521040 Itabera�,39
521060 Itaguaru,10
521080 Itaj�,18
521090 Itapaci,41
521100 Itapirapu�,23
521120 Itapuranga,124
521130 Itarum�,17
521140 Itau�u,18
521150 Itumbiara,209
521160 Ivol�ndia,16
521170 Jandaia,13
521180 Jaragu�,84
521190 Jata�,146
521200 Jaupaci,10
521210 Jovi�nia,17
521220 Jussara,67
521250 Luzi�nia,143
521260 Mairipotaba,13
521270 Mamba�,16
521280 Mara Rosa,44
521290 Marzag�o,23
521295 Matrinch�,14
521300 Mauril�ndia,12
521308 Mina�u,101
521310 Mineiros,247
521350 Monte Alegre de Goi�s,16
521370 Montes Claros de Goi�s,24
521375 Montividiu,13
521380 Morrinhos,110
521385 Morro Agudo de Goi�s,19
521400 Mozarl�ndia,20
521405 Mundo Novo,18
521410 Mutun�polis,19
521440 Naz�rio,16
521450 Ner�polis,118
521460 Niquel�ndia,105
521470 Nova Am�rica,4
521483 Nova Crix�s,45
521520 Novo Brasil,9
521530 Orizona,28
521550 Ouvidor,31
521560 Padre Bernardo,33
521565 Palestina de Goi�s,19
521570 Palmeiras de Goi�s,33
521580 Palmelo,10
521590 Palmin�polis,19
521600 Panam�,9
521630 Paranaiguara,30
521640 Para�na,20
521680 Petrolina de Goi�s,26
521710 Piracanjuba,70
521720 Piranhas,28
521730 Piren�polis,52
521740 Pires do Rio,38
521760 Planaltina,92
521770 Pontalina,50
521800 Porangatu,93
521805 Porteir�o,20
521810 Portel�ndia,17
521830 Posse,69
521850 Quirin�polis,136
521860 Rialma,24
521880 Rio Verde,488
521890 Rubiataba,80
521900 Sanclerl�ndia,17
521910 Santa B�rbara de Goi�s,15
521920 Santa Cruz de Goi�s,16
521925 Santa F� de Goi�s,17
521930 Santa Helena de Goi�s,153
521950 Santa Rosa de Goi�s,16
521960 Santa Tereza de Goi�s,17
521970 Santa Terezinha de Goi�s,38
521973 Santo Ant�nio de Goi�s,19
521975 Santo Ant�nio do Descoberto,115
521980 S�o Domingos,22
522000 S�o Jo�o d'Alian�a,26
522010 S�o Lu�s de Montes Belos,97
522015 S�o Lu�z do Norte,10
522020 S�o Miguel do Araguaia,95
522026 S�o Miguel do Passa Quatro,11
522040 S�o Sim�o,50
522045 Senador Canedo,89
522050 Serran�polis,21
522060 Silv�nia,40
522068 Simol�ndia,20
522100 Taquaral de Goi�s,46
522130 Tr�s Ranchos,12
522140 Trindade,497
522145 Trombas,15
522150 Turv�nia,17
522155 Turvel�ndia,19
522160 Urua�u,157
522170 Uruana,27
522185 Valpara�so de Goi�s,68
522200 Vian�polis,40
522205 Vicentin�polis,16
522220 Vila Boa,13
530010 Bras�lia,7106
Total,446503
 ,
